"YEAR","MONTH_NUM","MONTH_MON","FLT_DATE","ENTITY_NAME","ENTITY_TYPE","FLT_ERT_1","DLY_ERT_1","DLY_ERT_A_1","DLY_ERT_C_1","DLY_ERT_D_1","DLY_ERT_E_1","DLY_ERT_G_1","DLY_ERT_I_1","DLY_ERT_M_1","DLY_ERT_N_1","DLY_ERT_O_1","DLY_ERT_P_1","DLY_ERT_R_1","DLY_ERT_S_1","DLY_ERT_T_1","DLY_ERT_V_1","DLY_ERT_W_1","DLY_ERT_NA_1","FLT_ERT_1_DLY","FLT_ERT_1_DLY_15"
"2016",11,"NOV",01-NOV-16,"Albania","COUNTRY (FIR)",324,,,,,,,,,,,,,,,,,,,
"2016",11,"NOV",01-NOV-16,"Armenia","COUNTRY (FIR)",100,,,,,,,,,,,,,,,,,,,
"2016",11,"NOV",01-NOV-16,"Austria","COUNTRY (FIR)",2557,,,,,,,,,,,,,,,,,,,
"2016",11,"NOV",01-NOV-16,"BLUE MED FAB","FAB (FIR)",5049,,,,,,,,,,,,,,,,,,,
"2016",11,"NOV",01-NOV-16,"Baltic FAB","FAB (FIR)",1949,94,0,94,0,0,0,0,0,0,0,0,0,0,0,0,0,0,12,1
"2016",11,"NOV",01-NOV-16,"Belgium","COUNTRY (FIR)",2967,,,,,,,,,,,,,,,,,,,
"2016",11,"NOV",01-NOV-16,"Bosnia and Herzegovina","COUNTRY (FIR)",652,,,,,,,,,,,,,,,,,,,
"2016",11,"NOV",01-NOV-16,"Bulgaria","COUNTRY (FIR)",1621,,,,,,,,,,,,,,,,,,,
"2016",11,"NOV",01-NOV-16,"Croatia","COUNTRY (FIR)",1063,,,,,,,,,,,,,,,,,,,
"2016",11,"NOV",01-NOV-16,"Cyprus","COUNTRY (FIR)",739,,,,,,,,,,,,,,,,,,,
"2016",11,"NOV",01-NOV-16,"Czech Republic","COUNTRY (FIR)",1865,,,,,,,,,,,,,,,,,,,
"2016",11,"NOV",01-NOV-16,"DANUBE FAB","FAB (FIR)",2019,,,,,,,,,,,,,,,,,,,
"2016",11,"NOV",01-NOV-16,"DK-SE FAB","FAB (FIR)",2796,0,0,0,0,0,0,0,0,0,0,0,0,0,0,0,0,0,0,0
"2016",11,"NOV",01-NOV-16,"Denmark","COUNTRY (FIR)",1698,,,,,,,,,,,,,,,,,,,
"2016",11,"NOV",01-NOV-16,"Estonia","COUNTRY (FIR)",483,,,,,,,,,,,,,,,,,,,
"2016",11,"NOV",01-NOV-16,"FAB CE","FAB (FIR)",4586,,,,,,,,,,,,,,,,,,,
"2016",11,"NOV",01-NOV-16,"FAB CE (SES RP1)","FAB (FIR)",4163,,,,,,,,,,,,,,,,,,,
"2016",11,"NOV",01-NOV-16,"FAB CE (SES RP2)","FAB (FIR)",4576,,,,,,,,,,,,,,,,,,,
"2016",11,"NOV",01-NOV-16,"FABEC","FAB (FIR)",14203,825,0,574,0,0,0,0,0,0,0,0,0,251,0,0,0,0,68,11
"2016",11,"NOV",01-NOV-16,"Finland","COUNTRY (FIR)",722,,,,,,,,,,,,,,,,,,,
"2016",11,"NOV",01-NOV-16,"France","COUNTRY (FIR)",7330,825,0,574,0,0,0,0,0,0,0,0,0,251,0,0,0,0,68,11
"2016",11,"NOV",01-NOV-16,"Georgia","COUNTRY (FIR)",339,,,,,,,,,,,,,,,,,,,
"2016",11,"NOV",01-NOV-16,"Germany","COUNTRY (FIR)",7769,0,0,0,0,0,0,0,0,0,0,0,0,0,0,0,0,0,0,0
"2016",11,"NOV",01-NOV-16,"Greece","COUNTRY (FIR)",1283,,,,,,,,,,,,,,,,,,,
"2016",11,"NOV",01-NOV-16,"Hungary","COUNTRY (FIR)",1645,,,,,,,,,,,,,,,,,,,
"2016",11,"NOV",01-NOV-16,"Ireland","COUNTRY (FIR)",1357,,,,,,,,,,,,,,,,,,,
"2016",11,"NOV",01-NOV-16,"Italy","COUNTRY (FIR)",3823,,,,,,,,,,,,,,,,,,,
"2016",11,"NOV",01-NOV-16,"Latvia","COUNTRY (FIR)",588,,,,,,,,,,,,,,,,,,,
"2016",11,"NOV",01-NOV-16,"Lithuania","COUNTRY (FIR)",636,,,,,,,,,,,,,,,,,,,
"2016",11,"NOV",01-NOV-16,"Malta","COUNTRY (FIR)",277,,,,,,,,,,,,,,,,,,,
"2016",11,"NOV",01-NOV-16,"Moldova","COUNTRY (FIR)",98,,,,,,,,,,,,,,,,,,,
"2016",11,"NOV",01-NOV-16,"NEFAB","FAB (FIR)",2860,0,0,0,0,0,0,0,0,0,0,0,0,0,0,0,0,0,0,0
"2016",11,"NOV",01-NOV-16,"Netherlands","COUNTRY (FIR)",3196,0,0,0,0,0,0,0,0,0,0,0,0,0,0,0,0,0,0,0
"2016",11,"NOV",01-NOV-16,"Norway","COUNTRY (FIR)",1761,0,0,0,0,0,0,0,0,0,0,0,0,0,0,0,0,0,0,0
"2016",11,"NOV",01-NOV-16,"Poland","COUNTRY (FIR)",1728,94,0,94,0,0,0,0,0,0,0,0,0,0,0,0,0,0,12,1
"2016",11,"NOV",01-NOV-16,"Portugal","COUNTRY (FIR)",1654,362,0,362,0,0,0,0,0,0,0,0,0,0,0,0,0,0,23,14
"2016",11,"NOV",01-NOV-16,"Portugal Continental","COUNTRY (FIR)",1461,362,0,362,0,0,0,0,0,0,0,0,0,0,0,0,0,0,23,14
"2016",11,"NOV",01-NOV-16,"Portugal Santa Maria","COUNTRY (FIR)",398,,,,,,,,,,,,,,,,,,,
"2016",11,"NOV",01-NOV-16,"Romania","COUNTRY (FIR)",1429,,,,,,,,,,,,,,,,,,,
"2016",11,"NOV",01-NOV-16,"SES Area (RP2)","AREA (FIR)",23768,1281,0,1030,0,0,0,0,0,0,0,0,0,251,0,0,0,0,103,26
"2016",11,"NOV",01-NOV-16,"SW FAB","FAB (FIR)",4766,362,0,362,0,0,0,0,0,0,0,0,0,0,0,0,0,0,23,14
"2016",11,"NOV",01-NOV-16,"Serbia and Montenegro","COUNTRY (FIR)",1210,,,,,,,,,,,,,,,,,,,
"2016",11,"NOV",01-NOV-16,"Slovakia","COUNTRY (FIR)",1030,,,,,,,,,,,,,,,,,,,
"2016",11,"NOV",01-NOV-16,"Slovenia","COUNTRY (FIR)",688,,,,,,,,,,,,,,,,,,,
"2016",11,"NOV",01-NOV-16,"Spain","COUNTRY (FIR)",4603,,,,,,,,,,,,,,,,,,,
"2016",11,"NOV",01-NOV-16,"Spain Canarias","COUNTRY (FIR)",829,,,,,,,,,,,,,,,,,,,
"2016",11,"NOV",01-NOV-16,"Spain Continental","COUNTRY (FIR)",4337,,,,,,,,,,,,,,,,,,,
"2016",11,"NOV",01-NOV-16,"Sweden","COUNTRY (FIR)",2191,0,0,0,0,0,0,0,0,0,0,0,0,0,0,0,0,0,0,0
"2016",11,"NOV",01-NOV-16,"Switzerland","COUNTRY (FIR)",2416,0,0,0,0,0,0,0,0,0,0,0,0,0,0,0,0,0,0,0
"2016",11,"NOV",01-NOV-16,"The former Yugoslav Republic of Macedonia","COUNTRY (FIR)",275,,,,,,,,,,,,,,,,,,,
"2016",11,"NOV",01-NOV-16,"Turkey","COUNTRY (FIR)",3165,0,0,0,0,0,0,0,0,0,0,0,0,0,0,0,0,0,0,0
"2016",11,"NOV",01-NOV-16,"UK Continental","COUNTRY (FIR)",6397,0,0,0,0,0,0,0,0,0,0,0,0,0,0,0,0,0,0,0
"2016",11,"NOV",01-NOV-16,"UK Oceanic","COUNTRY (FIR)",1175,,,,,,,,,,,,,,,,,,,
"2016",11,"NOV",01-NOV-16,"UK-Ireland FAB","FAB (FIR)",6477,0,0,0,0,0,0,0,0,0,0,0,0,0,0,0,0,0,0,0
"2016",11,"NOV",01-NOV-16,"Ukraine","COUNTRY (FIR)",432,,,,,,,,,,,,,,,,,,,
"2016",11,"NOV",01-NOV-16,"United Kingdom","COUNTRY (FIR)",6584,0,0,0,0,0,0,0,0,0,0,0,0,0,0,0,0,0,0,0
"2016",11,"NOV",02-NOV-16,"Albania","COUNTRY (FIR)",357,,,,,,,,,,,,,,,,,,,
"2016",11,"NOV",02-NOV-16,"Armenia","COUNTRY (FIR)",89,,,,,,,,,,,,,,,,,,,
"2016",11,"NOV",02-NOV-16,"Austria","COUNTRY (FIR)",2775,0,0,0,0,0,0,0,0,0,0,0,0,0,0,0,0,0,0,0
"2016",11,"NOV",02-NOV-16,"BLUE MED FAB","FAB (FIR)",5255,0,0,0,0,0,0,0,0,0,0,0,0,0,0,0,0,0,0,0
"2016",11,"NOV",02-NOV-16,"Baltic FAB","FAB (FIR)",2094,152,0,65,0,0,0,0,0,0,87,0,0,0,0,0,0,0,11,4
"2016",11,"NOV",02-NOV-16,"Belgium","COUNTRY (FIR)",3124,,,,,,,,,,,,,,,,,,,
"2016",11,"NOV",02-NOV-16,"Bosnia and Herzegovina","COUNTRY (FIR)",720,,,,,,,,,,,,,,,,,,,
"2016",11,"NOV",02-NOV-16,"Bulgaria","COUNTRY (FIR)",1721,,,,,,,,,,,,,,,,,,,
"2016",11,"NOV",02-NOV-16,"Croatia","COUNTRY (FIR)",1158,,,,,,,,,,,,,,,,,,,
"2016",11,"NOV",02-NOV-16,"Cyprus","COUNTRY (FIR)",832,0,0,0,0,0,0,0,0,0,0,0,0,0,0,0,0,0,0,0
"2016",11,"NOV",02-NOV-16,"Czech Republic","COUNTRY (FIR)",1921,,,,,,,,,,,,,,,,,,,
"2016",11,"NOV",02-NOV-16,"DANUBE FAB","FAB (FIR)",2192,0,0,0,0,0,0,0,0,0,0,0,0,0,0,0,0,0,0,0
"2016",11,"NOV",02-NOV-16,"DK-SE FAB","FAB (FIR)",2960,0,0,0,0,0,0,0,0,0,0,0,0,0,0,0,0,0,0,0
"2016",11,"NOV",02-NOV-16,"Denmark","COUNTRY (FIR)",1811,,,,,,,,,,,,,,,,,,,
"2016",11,"NOV",02-NOV-16,"Estonia","COUNTRY (FIR)",522,,,,,,,,,,,,,,,,,,,
"2016",11,"NOV",02-NOV-16,"FAB CE","FAB (FIR)",4866,0,0,0,0,0,0,0,0,0,0,0,0,0,0,0,0,0,0,0
"2016",11,"NOV",02-NOV-16,"FAB CE (SES RP1)","FAB (FIR)",4449,0,0,0,0,0,0,0,0,0,0,0,0,0,0,0,0,0,0,0
"2016",11,"NOV",02-NOV-16,"FAB CE (SES RP2)","FAB (FIR)",4855,0,0,0,0,0,0,0,0,0,0,0,0,0,0,0,0,0,0,0
"2016",11,"NOV",02-NOV-16,"FABEC","FAB (FIR)",15137,1957,0,1473,0,0,0,0,0,0,40,0,0,444,0,0,0,0,184,29
"2016",11,"NOV",02-NOV-16,"Finland","COUNTRY (FIR)",734,,,,,,,,,,,,,,,,,,,
"2016",11,"NOV",02-NOV-16,"France","COUNTRY (FIR)",7643,375,0,375,0,0,0,0,0,0,0,0,0,0,0,0,0,0,33,7
"2016",11,"NOV",02-NOV-16,"Georgia","COUNTRY (FIR)",316,,,,,,,,,,,,,,,,,,,
"2016",11,"NOV",02-NOV-16,"Germany","COUNTRY (FIR)",8349,484,0,0,0,0,0,0,0,0,40,0,0,444,0,0,0,0,41,8
"2016",11,"NOV",02-NOV-16,"Greece","COUNTRY (FIR)",1323,,,,,,,,,,,,,,,,,,,
"2016",11,"NOV",02-NOV-16,"Hungary","COUNTRY (FIR)",1776,,,,,,,,,,,,,,,,,,,
"2016",11,"NOV",02-NOV-16,"Ireland","COUNTRY (FIR)",1285,,,,,,,,,,,,,,,,,,,
"2016",11,"NOV",02-NOV-16,"Italy","COUNTRY (FIR)",3985,,,,,,,,,,,,,,,,,,,
"2016",11,"NOV",02-NOV-16,"Latvia","COUNTRY (FIR)",634,,,,,,,,,,,,,,,,,,,
"2016",11,"NOV",02-NOV-16,"Lithuania","COUNTRY (FIR)",674,,,,,,,,,,,,,,,,,,,
"2016",11,"NOV",02-NOV-16,"Malta","COUNTRY (FIR)",259,,,,,,,,,,,,,,,,,,,
"2016",11,"NOV",02-NOV-16,"Moldova","COUNTRY (FIR)",115,,,,,,,,,,,,,,,,,,,
"2016",11,"NOV",02-NOV-16,"NEFAB","FAB (FIR)",2956,,,,,,,,,,,,,,,,,,,
"2016",11,"NOV",02-NOV-16,"Netherlands","COUNTRY (FIR)",3307,1038,0,1038,0,0,0,0,0,0,0,0,0,0,0,0,0,0,106,13
"2016",11,"NOV",02-NOV-16,"Norway","COUNTRY (FIR)",1794,,,,,,,,,,,,,,,,,,,
"2016",11,"NOV",02-NOV-16,"Poland","COUNTRY (FIR)",1839,152,0,65,0,0,0,0,0,0,87,0,0,0,0,0,0,0,11,4
"2016",11,"NOV",02-NOV-16,"Portugal","COUNTRY (FIR)",1730,2,0,2,0,0,0,0,0,0,0,0,0,0,0,0,0,0,1,0
"2016",11,"NOV",02-NOV-16,"Portugal Continental","COUNTRY (FIR)",1502,2,0,2,0,0,0,0,0,0,0,0,0,0,0,0,0,0,1,0
"2016",11,"NOV",02-NOV-16,"Portugal Santa Maria","COUNTRY (FIR)",398,,,,,,,,,,,,,,,,,,,
"2016",11,"NOV",02-NOV-16,"Romania","COUNTRY (FIR)",1518,0,0,0,0,0,0,0,0,0,0,0,0,0,0,0,0,0,0,0
"2016",11,"NOV",02-NOV-16,"SES Area (RP2)","AREA (FIR)",25108,2587,0,2016,0,0,0,0,0,0,127,0,0,444,0,0,0,0,229,45
"2016",11,"NOV",02-NOV-16,"SW FAB","FAB (FIR)",4633,478,0,478,0,0,0,0,0,0,0,0,0,0,0,0,0,0,34,12
"2016",11,"NOV",02-NOV-16,"Serbia and Montenegro","COUNTRY (FIR)",1314,,,,,,,,,,,,,,,,,,,
"2016",11,"NOV",02-NOV-16,"Slovakia","COUNTRY (FIR)",1088,,,,,,,,,,,,,,,,,,,
"2016",11,"NOV",02-NOV-16,"Slovenia","COUNTRY (FIR)",788,,,,,,,,,,,,,,,,,,,
"2016",11,"NOV",02-NOV-16,"Spain","COUNTRY (FIR)",4470,476,0,476,0,0,0,0,0,0,0,0,0,0,0,0,0,0,33,12
"2016",11,"NOV",02-NOV-16,"Spain Canarias","COUNTRY (FIR)",872,114,0,114,0,0,0,0,0,0,0,0,0,0,0,0,0,0,7,2
"2016",11,"NOV",02-NOV-16,"Spain Continental","COUNTRY (FIR)",4199,362,0,362,0,0,0,0,0,0,0,0,0,0,0,0,0,0,26,10
"2016",11,"NOV",02-NOV-16,"Sweden","COUNTRY (FIR)",2173,0,0,0,0,0,0,0,0,0,0,0,0,0,0,0,0,0,0,0
"2016",11,"NOV",02-NOV-16,"Switzerland","COUNTRY (FIR)",2585,60,0,60,0,0,0,0,0,0,0,0,0,0,0,0,0,0,4,1
"2016",11,"NOV",02-NOV-16,"The former Yugoslav Republic of Macedonia","COUNTRY (FIR)",254,,,,,,,,,,,,,,,,,,,
"2016",11,"NOV",02-NOV-16,"Turkey","COUNTRY (FIR)",3292,0,0,0,0,0,0,0,0,0,0,0,0,0,0,0,0,0,0,0
"2016",11,"NOV",02-NOV-16,"UK Continental","COUNTRY (FIR)",6328,0,0,0,0,0,0,0,0,0,0,0,0,0,0,0,0,0,0,0
"2016",11,"NOV",02-NOV-16,"UK Oceanic","COUNTRY (FIR)",1101,,,,,,,,,,,,,,,,,,,
"2016",11,"NOV",02-NOV-16,"UK-Ireland FAB","FAB (FIR)",6396,0,0,0,0,0,0,0,0,0,0,0,0,0,0,0,0,0,0,0
"2016",11,"NOV",02-NOV-16,"Ukraine","COUNTRY (FIR)",485,,,,,,,,,,,,,,,,,,,
"2016",11,"NOV",02-NOV-16,"United Kingdom","COUNTRY (FIR)",6496,0,0,0,0,0,0,0,0,0,0,0,0,0,0,0,0,0,0,0
"2016",11,"NOV",03-NOV-16,"Albania","COUNTRY (FIR)",342,,,,,,,,,,,,,,,,,,,
"2016",11,"NOV",03-NOV-16,"Armenia","COUNTRY (FIR)",113,,,,,,,,,,,,,,,,,,,
"2016",11,"NOV",03-NOV-16,"Austria","COUNTRY (FIR)",2783,,,,,,,,,,,,,,,,,,,
"2016",11,"NOV",03-NOV-16,"BLUE MED FAB","FAB (FIR)",5268,443,0,0,0,0,0,0,0,0,0,0,0,0,443,0,0,0,33,8
"2016",11,"NOV",03-NOV-16,"Baltic FAB","FAB (FIR)",2145,779,0,300,0,0,0,0,0,0,0,0,0,479,0,0,0,0,63,14
"2016",11,"NOV",03-NOV-16,"Belgium","COUNTRY (FIR)",3195,,,,,,,,,,,,,,,,,,,
"2016",11,"NOV",03-NOV-16,"Bosnia and Herzegovina","COUNTRY (FIR)",658,,,,,,,,,,,,,,,,,,,
"2016",11,"NOV",03-NOV-16,"Bulgaria","COUNTRY (FIR)",1695,,,,,,,,,,,,,,,,,,,
"2016",11,"NOV",03-NOV-16,"Croatia","COUNTRY (FIR)",1034,,,,,,,,,,,,,,,,,,,
"2016",11,"NOV",03-NOV-16,"Cyprus","COUNTRY (FIR)",852,,,,,,,,,,,,,,,,,,,
"2016",11,"NOV",03-NOV-16,"Czech Republic","COUNTRY (FIR)",2100,,,,,,,,,,,,,,,,,,,
"2016",11,"NOV",03-NOV-16,"DANUBE FAB","FAB (FIR)",2121,,,,,,,,,,,,,,,,,,,
"2016",11,"NOV",03-NOV-16,"DK-SE FAB","FAB (FIR)",3034,0,0,0,0,0,0,0,0,0,0,0,0,0,0,0,0,0,0,0
"2016",11,"NOV",03-NOV-16,"Denmark","COUNTRY (FIR)",1826,,,,,,,,,,,,,,,,,,,
"2016",11,"NOV",03-NOV-16,"Estonia","COUNTRY (FIR)",539,,,,,,,,,,,,,,,,,,,
"2016",11,"NOV",03-NOV-16,"FAB CE","FAB (FIR)",4912,,,,,,,,,,,,,,,,,,,
"2016",11,"NOV",03-NOV-16,"FAB CE (SES RP1)","FAB (FIR)",4547,,,,,,,,,,,,,,,,,,,
"2016",11,"NOV",03-NOV-16,"FAB CE (SES RP2)","FAB (FIR)",4902,,,,,,,,,,,,,,,,,,,
"2016",11,"NOV",03-NOV-16,"FABEC","FAB (FIR)",15335,2290,0,996,0,0,183,0,0,0,0,0,0,1111,0,0,0,0,188,49
"2016",11,"NOV",03-NOV-16,"Finland","COUNTRY (FIR)",744,,,,,,,,,,,,,,,,,,,
"2016",11,"NOV",03-NOV-16,"France","COUNTRY (FIR)",7694,524,0,160,0,0,0,0,0,0,0,0,0,364,0,0,0,0,36,14
"2016",11,"NOV",03-NOV-16,"Georgia","COUNTRY (FIR)",350,,,,,,,,,,,,,,,,,,,
"2016",11,"NOV",03-NOV-16,"Germany","COUNTRY (FIR)",8419,841,0,94,0,0,0,0,0,0,0,0,0,747,0,0,0,0,68,19
"2016",11,"NOV",03-NOV-16,"Greece","COUNTRY (FIR)",1363,0,0,0,0,0,0,0,0,0,0,0,0,0,0,0,0,0,0,0
"2016",11,"NOV",03-NOV-16,"Hungary","COUNTRY (FIR)",1763,,,,,,,,,,,,,,,,,,,
"2016",11,"NOV",03-NOV-16,"Ireland","COUNTRY (FIR)",1428,,,,,,,,,,,,,,,,,,,
"2016",11,"NOV",03-NOV-16,"Italy","COUNTRY (FIR)",3893,443,0,0,0,0,0,0,0,0,0,0,0,0,443,0,0,0,33,8
"2016",11,"NOV",03-NOV-16,"Latvia","COUNTRY (FIR)",634,,,,,,,,,,,,,,,,,,,
"2016",11,"NOV",03-NOV-16,"Lithuania","COUNTRY (FIR)",690,,,,,,,,,,,,,,,,,,,
"2016",11,"NOV",03-NOV-16,"Malta","COUNTRY (FIR)",248,,,,,,,,,,,,,,,,,,,
"2016",11,"NOV",03-NOV-16,"Moldova","COUNTRY (FIR)",105,,,,,,,,,,,,,,,,,,,
"2016",11,"NOV",03-NOV-16,"NEFAB","FAB (FIR)",3033,,,,,,,,,,,,,,,,,,,
"2016",11,"NOV",03-NOV-16,"Netherlands","COUNTRY (FIR)",3427,901,0,718,0,0,183,0,0,0,0,0,0,0,0,0,0,0,82,16
"2016",11,"NOV",03-NOV-16,"Norway","COUNTRY (FIR)",1871,,,,,,,,,,,,,,,,,,,
"2016",11,"NOV",03-NOV-16,"Poland","COUNTRY (FIR)",1895,779,0,300,0,0,0,0,0,0,0,0,0,479,0,0,0,0,63,14
"2016",11,"NOV",03-NOV-16,"Portugal","COUNTRY (FIR)",1684,0,0,0,0,0,0,0,0,0,0,0,0,0,0,0,0,0,0,0
"2016",11,"NOV",03-NOV-16,"Portugal Continental","COUNTRY (FIR)",1481,0,0,0,0,0,0,0,0,0,0,0,0,0,0,0,0,0,0,0
"2016",11,"NOV",03-NOV-16,"Portugal Santa Maria","COUNTRY (FIR)",375,,,,,,,,,,,,,,,,,,,
"2016",11,"NOV",03-NOV-16,"Romania","COUNTRY (FIR)",1502,,,,,,,,,,,,,,,,,,,
"2016",11,"NOV",03-NOV-16,"SES Area (RP2)","AREA (FIR)",25694,3575,0,1359,0,0,183,0,0,0,0,0,0,1590,443,0,0,0,290,73
"2016",11,"NOV",03-NOV-16,"SW FAB","FAB (FIR)",4665,63,0,63,0,0,0,0,0,0,0,0,0,0,0,0,0,0,6,2
"2016",11,"NOV",03-NOV-16,"Serbia and Montenegro","COUNTRY (FIR)",1249,,,,,,,,,,,,,,,,,,,
"2016",11,"NOV",03-NOV-16,"Slovakia","COUNTRY (FIR)",1162,,,,,,,,,,,,,,,,,,,
"2016",11,"NOV",03-NOV-16,"Slovenia","COUNTRY (FIR)",757,,,,,,,,,,,,,,,,,,,
"2016",11,"NOV",03-NOV-16,"Spain","COUNTRY (FIR)",4507,63,0,63,0,0,0,0,0,0,0,0,0,0,0,0,0,0,6,2
"2016",11,"NOV",03-NOV-16,"Spain Canarias","COUNTRY (FIR)",832,0,0,0,0,0,0,0,0,0,0,0,0,0,0,0,0,0,0,0
"2016",11,"NOV",03-NOV-16,"Spain Continental","COUNTRY (FIR)",4237,63,0,63,0,0,0,0,0,0,0,0,0,0,0,0,0,0,6,2
"2016",11,"NOV",03-NOV-16,"Sweden","COUNTRY (FIR)",2288,0,0,0,0,0,0,0,0,0,0,0,0,0,0,0,0,0,0,0
"2016",11,"NOV",03-NOV-16,"Switzerland","COUNTRY (FIR)",2567,24,0,24,0,0,0,0,0,0,0,0,0,0,0,0,0,0,2,0
"2016",11,"NOV",03-NOV-16,"The former Yugoslav Republic of Macedonia","COUNTRY (FIR)",278,,,,,,,,,,,,,,,,,,,
"2016",11,"NOV",03-NOV-16,"Turkey","COUNTRY (FIR)",3349,0,0,0,0,0,0,0,0,0,0,0,0,0,0,0,0,0,0,0
"2016",11,"NOV",03-NOV-16,"UK Continental","COUNTRY (FIR)",6516,0,0,0,0,0,0,0,0,0,0,0,0,0,0,0,0,0,0,0
"2016",11,"NOV",03-NOV-16,"UK Oceanic","COUNTRY (FIR)",1181,,,,,,,,,,,,,,,,,,,
"2016",11,"NOV",03-NOV-16,"UK-Ireland FAB","FAB (FIR)",6617,0,0,0,0,0,0,0,0,0,0,0,0,0,0,0,0,0,0,0
"2016",11,"NOV",03-NOV-16,"Ukraine","COUNTRY (FIR)",489,,,,,,,,,,,,,,,,,,,
"2016",11,"NOV",03-NOV-16,"United Kingdom","COUNTRY (FIR)",6728,0,0,0,0,0,0,0,0,0,0,0,0,0,0,0,0,0,0,0
"2016",11,"NOV",04-NOV-16,"Albania","COUNTRY (FIR)",316,,,,,,,,,,,,,,,,,,,
"2016",11,"NOV",04-NOV-16,"Armenia","COUNTRY (FIR)",123,,,,,,,,,,,,,,,,,,,
"2016",11,"NOV",04-NOV-16,"Austria","COUNTRY (FIR)",2856,0,0,0,0,0,0,0,0,0,0,0,0,0,0,0,0,0,0,0
"2016",11,"NOV",04-NOV-16,"BLUE MED FAB","FAB (FIR)",5372,0,0,0,0,0,0,0,0,0,0,0,0,0,0,0,0,0,0,0
"2016",11,"NOV",04-NOV-16,"Baltic FAB","FAB (FIR)",2229,191,0,0,0,0,0,0,0,0,0,0,0,191,0,0,0,0,18,3
"2016",11,"NOV",04-NOV-16,"Belgium","COUNTRY (FIR)",3299,69,0,69,0,0,0,0,0,0,0,0,0,0,0,0,0,0,7,2
"2016",11,"NOV",04-NOV-16,"Bosnia and Herzegovina","COUNTRY (FIR)",669,,,,,,,,,,,,,,,,,,,
"2016",11,"NOV",04-NOV-16,"Bulgaria","COUNTRY (FIR)",1797,,,,,,,,,,,,,,,,,,,
"2016",11,"NOV",04-NOV-16,"Croatia","COUNTRY (FIR)",1062,,,,,,,,,,,,,,,,,,,
"2016",11,"NOV",04-NOV-16,"Cyprus","COUNTRY (FIR)",745,,,,,,,,,,,,,,,,,,,
"2016",11,"NOV",04-NOV-16,"Czech Republic","COUNTRY (FIR)",2159,,,,,,,,,,,,,,,,,,,
"2016",11,"NOV",04-NOV-16,"DANUBE FAB","FAB (FIR)",2266,0,0,0,0,0,0,0,0,0,0,0,0,0,0,0,0,0,0,0
"2016",11,"NOV",04-NOV-16,"DK-SE FAB","FAB (FIR)",2973,0,0,0,0,0,0,0,0,0,0,0,0,0,0,0,0,0,0,0
"2016",11,"NOV",04-NOV-16,"Denmark","COUNTRY (FIR)",1805,,,,,,,,,,,,,,,,,,,
"2016",11,"NOV",04-NOV-16,"Estonia","COUNTRY (FIR)",521,,,,,,,,,,,,,,,,,,,
"2016",11,"NOV",04-NOV-16,"FAB CE","FAB (FIR)",5076,0,0,0,0,0,0,0,0,0,0,0,0,0,0,0,0,0,0,0
"2016",11,"NOV",04-NOV-16,"FAB CE (SES RP1)","FAB (FIR)",4713,0,0,0,0,0,0,0,0,0,0,0,0,0,0,0,0,0,0,0
"2016",11,"NOV",04-NOV-16,"FAB CE (SES RP2)","FAB (FIR)",5063,0,0,0,0,0,0,0,0,0,0,0,0,0,0,0,0,0,0,0
"2016",11,"NOV",04-NOV-16,"FABEC","FAB (FIR)",15817,1789,0,1537,0,0,0,0,0,0,0,0,6,246,0,0,0,0,126,46
"2016",11,"NOV",04-NOV-16,"Finland","COUNTRY (FIR)",748,,,,,,,,,,,,,,,,,,,
"2016",11,"NOV",04-NOV-16,"France","COUNTRY (FIR)",8016,122,0,122,0,0,0,0,0,0,0,0,0,0,0,0,0,0,4,4
"2016",11,"NOV",04-NOV-16,"Georgia","COUNTRY (FIR)",393,,,,,,,,,,,,,,,,,,,
"2016",11,"NOV",04-NOV-16,"Germany","COUNTRY (FIR)",8736,468,0,216,0,0,0,0,0,0,0,0,6,246,0,0,0,0,39,10
"2016",11,"NOV",04-NOV-16,"Greece","COUNTRY (FIR)",1299,0,0,0,0,0,0,0,0,0,0,0,0,0,0,0,0,0,0,0
"2016",11,"NOV",04-NOV-16,"Hungary","COUNTRY (FIR)",1908,,,,,,,,,,,,,,,,,,,
"2016",11,"NOV",04-NOV-16,"Ireland","COUNTRY (FIR)",1498,,,,,,,,,,,,,,,,,,,
"2016",11,"NOV",04-NOV-16,"Italy","COUNTRY (FIR)",4101,,,,,,,,,,,,,,,,,,,
"2016",11,"NOV",04-NOV-16,"Latvia","COUNTRY (FIR)",645,,,,,,,,,,,,,,,,,,,
"2016",11,"NOV",04-NOV-16,"Lithuania","COUNTRY (FIR)",698,,,,,,,,,,,,,,,,,,,
"2016",11,"NOV",04-NOV-16,"Malta","COUNTRY (FIR)",287,,,,,,,,,,,,,,,,,,,
"2016",11,"NOV",04-NOV-16,"Moldova","COUNTRY (FIR)",118,,,,,,,,,,,,,,,,,,,
"2016",11,"NOV",04-NOV-16,"NEFAB","FAB (FIR)",2892,0,0,0,0,0,0,0,0,0,0,0,0,0,0,0,0,0,0,0
"2016",11,"NOV",04-NOV-16,"Netherlands","COUNTRY (FIR)",3425,454,0,454,0,0,0,0,0,0,0,0,0,0,0,0,0,0,34,9
"2016",11,"NOV",04-NOV-16,"Norway","COUNTRY (FIR)",1745,0,0,0,0,0,0,0,0,0,0,0,0,0,0,0,0,0,0,0
"2016",11,"NOV",04-NOV-16,"Poland","COUNTRY (FIR)",1992,191,0,0,0,0,0,0,0,0,0,0,0,191,0,0,0,0,18,3
"2016",11,"NOV",04-NOV-16,"Portugal","COUNTRY (FIR)",1743,0,0,0,0,0,0,0,0,0,0,0,0,0,0,0,0,0,0,0
"2016",11,"NOV",04-NOV-16,"Portugal Continental","COUNTRY (FIR)",1528,0,0,0,0,0,0,0,0,0,0,0,0,0,0,0,0,0,0,0
"2016",11,"NOV",04-NOV-16,"Portugal Santa Maria","COUNTRY (FIR)",421,,,,,,,,,,,,,,,,,,,
"2016",11,"NOV",04-NOV-16,"Romania","COUNTRY (FIR)",1634,0,0,0,0,0,0,0,0,0,0,0,0,0,0,0,0,0,0,0
"2016",11,"NOV",04-NOV-16,"SES Area (RP2)","AREA (FIR)",26149,3513,0,3070,0,0,0,0,0,0,0,0,6,437,0,0,0,0,270,77
"2016",11,"NOV",04-NOV-16,"SW FAB","FAB (FIR)",4893,1533,0,1533,0,0,0,0,0,0,0,0,0,0,0,0,0,0,126,28
"2016",11,"NOV",04-NOV-16,"Serbia and Montenegro","COUNTRY (FIR)",1251,,,,,,,,,,,,,,,,,,,
"2016",11,"NOV",04-NOV-16,"Slovakia","COUNTRY (FIR)",1222,,,,,,,,,,,,,,,,,,,
"2016",11,"NOV",04-NOV-16,"Slovenia","COUNTRY (FIR)",805,,,,,,,,,,,,,,,,,,,
"2016",11,"NOV",04-NOV-16,"Spain","COUNTRY (FIR)",4727,1533,0,1533,0,0,0,0,0,0,0,0,0,0,0,0,0,0,126,28
"2016",11,"NOV",04-NOV-16,"Spain Canarias","COUNTRY (FIR)",932,1068,0,1068,0,0,0,0,0,0,0,0,0,0,0,0,0,0,77,24
"2016",11,"NOV",04-NOV-16,"Spain Continental","COUNTRY (FIR)",4405,465,0,465,0,0,0,0,0,0,0,0,0,0,0,0,0,0,49,4
"2016",11,"NOV",04-NOV-16,"Sweden","COUNTRY (FIR)",2312,0,0,0,0,0,0,0,0,0,0,0,0,0,0,0,0,0,0,0
"2016",11,"NOV",04-NOV-16,"Switzerland","COUNTRY (FIR)",2723,676,0,676,0,0,0,0,0,0,0,0,0,0,0,0,0,0,42,21
"2016",11,"NOV",04-NOV-16,"The former Yugoslav Republic of Macedonia","COUNTRY (FIR)",269,,,,,,,,,,,,,,,,,,,
"2016",11,"NOV",04-NOV-16,"Turkey","COUNTRY (FIR)",3423,0,0,0,0,0,0,0,0,0,0,0,0,0,0,0,0,0,0,0
"2016",11,"NOV",04-NOV-16,"UK Continental","COUNTRY (FIR)",6751,0,0,0,0,0,0,0,0,0,0,0,0,0,0,0,0,0,0,0
"2016",11,"NOV",04-NOV-16,"UK Oceanic","COUNTRY (FIR)",1265,,,,,,,,,,,,,,,,,,,
"2016",11,"NOV",04-NOV-16,"UK-Ireland FAB","FAB (FIR)",6845,0,0,0,0,0,0,0,0,0,0,0,0,0,0,0,0,0,0,0
"2016",11,"NOV",04-NOV-16,"Ukraine","COUNTRY (FIR)",521,,,,,,,,,,,,,,,,,,,
"2016",11,"NOV",04-NOV-16,"United Kingdom","COUNTRY (FIR)",6952,0,0,0,0,0,0,0,0,0,0,0,0,0,0,0,0,0,0,0
"2016",11,"NOV",05-NOV-16,"Albania","COUNTRY (FIR)",434,,,,,,,,,,,,,,,,,,,
"2016",11,"NOV",05-NOV-16,"Armenia","COUNTRY (FIR)",115,,,,,,,,,,,,,,,,,,,
"2016",11,"NOV",05-NOV-16,"Austria","COUNTRY (FIR)",2529,,,,,,,,,,,,,,,,,,,
"2016",11,"NOV",05-NOV-16,"BLUE MED FAB","FAB (FIR)",4879,,,,,,,,,,,,,,,,,,,
"2016",11,"NOV",05-NOV-16,"Baltic FAB","FAB (FIR)",1985,,,,,,,,,,,,,,,,,,,
"2016",11,"NOV",05-NOV-16,"Belgium","COUNTRY (FIR)",2735,245,0,245,0,0,0,0,0,0,0,0,0,0,0,0,0,0,29,6
"2016",11,"NOV",05-NOV-16,"Bosnia and Herzegovina","COUNTRY (FIR)",723,,,,,,,,,,,,,,,,,,,
"2016",11,"NOV",05-NOV-16,"Bulgaria","COUNTRY (FIR)",1849,,,,,,,,,,,,,,,,,,,
"2016",11,"NOV",05-NOV-16,"Croatia","COUNTRY (FIR)",1115,,,,,,,,,,,,,,,,,,,
"2016",11,"NOV",05-NOV-16,"Cyprus","COUNTRY (FIR)",706,,,,,,,,,,,,,,,,,,,
"2016",11,"NOV",05-NOV-16,"Czech Republic","COUNTRY (FIR)",1728,,,,,,,,,,,,,,,,,,,
"2016",11,"NOV",05-NOV-16,"DANUBE FAB","FAB (FIR)",2171,,,,,,,,,,,,,,,,,,,
"2016",11,"NOV",05-NOV-16,"DK-SE FAB","FAB (FIR)",1923,,,,,,,,,,,,,,,,,,,
"2016",11,"NOV",05-NOV-16,"Denmark","COUNTRY (FIR)",1309,,,,,,,,,,,,,,,,,,,
"2016",11,"NOV",05-NOV-16,"Estonia","COUNTRY (FIR)",432,,,,,,,,,,,,,,,,,,,
"2016",11,"NOV",05-NOV-16,"FAB CE","FAB (FIR)",4400,,,,,,,,,,,,,,,,,,,
"2016",11,"NOV",05-NOV-16,"FAB CE (SES RP1)","FAB (FIR)",4016,,,,,,,,,,,,,,,,,,,
"2016",11,"NOV",05-NOV-16,"FAB CE (SES RP2)","FAB (FIR)",4386,,,,,,,,,,,,,,,,,,,
"2016",11,"NOV",05-NOV-16,"FABEC","FAB (FIR)",12484,576,0,334,0,0,0,0,0,0,0,0,0,242,0,0,0,0,66,10
"2016",11,"NOV",05-NOV-16,"Finland","COUNTRY (FIR)",481,,,,,,,,,,,,,,,,,,,
"2016",11,"NOV",05-NOV-16,"France","COUNTRY (FIR)",6869,83,0,83,0,0,0,0,0,0,0,0,0,0,0,0,0,0,12,0
"2016",11,"NOV",05-NOV-16,"Georgia","COUNTRY (FIR)",350,,,,,,,,,,,,,,,,,,,
"2016",11,"NOV",05-NOV-16,"Germany","COUNTRY (FIR)",6755,242,0,0,0,0,0,0,0,0,0,0,0,242,0,0,0,0,23,4
"2016",11,"NOV",05-NOV-16,"Greece","COUNTRY (FIR)",1323,,,,,,,,,,,,,,,,,,,
"2016",11,"NOV",05-NOV-16,"Hungary","COUNTRY (FIR)",1745,,,,,,,,,,,,,,,,,,,
"2016",11,"NOV",05-NOV-16,"Ireland","COUNTRY (FIR)",1363,,,,,,,,,,,,,,,,,,,
"2016",11,"NOV",05-NOV-16,"Italy","COUNTRY (FIR)",3599,,,,,,,,,,,,,,,,,,,
"2016",11,"NOV",05-NOV-16,"Latvia","COUNTRY (FIR)",571,,,,,,,,,,,,,,,,,,,
"2016",11,"NOV",05-NOV-16,"Lithuania","COUNTRY (FIR)",643,,,,,,,,,,,,,,,,,,,
"2016",11,"NOV",05-NOV-16,"Malta","COUNTRY (FIR)",276,,,,,,,,,,,,,,,,,,,
"2016",11,"NOV",05-NOV-16,"Moldova","COUNTRY (FIR)",95,,,,,,,,,,,,,,,,,,,
"2016",11,"NOV",05-NOV-16,"NEFAB","FAB (FIR)",1755,,,,,,,,,,,,,,,,,,,
"2016",11,"NOV",05-NOV-16,"Netherlands","COUNTRY (FIR)",2808,6,0,6,0,0,0,0,0,0,0,0,0,0,0,0,0,0,2,0
"2016",11,"NOV",05-NOV-16,"Norway","COUNTRY (FIR)",891,,,,,,,,,,,,,,,,,,,
"2016",11,"NOV",05-NOV-16,"Poland","COUNTRY (FIR)",1785,,,,,,,,,,,,,,,,,,,
"2016",11,"NOV",05-NOV-16,"Portugal","COUNTRY (FIR)",1999,4328,0,4328,0,0,0,0,0,0,0,0,0,0,0,0,0,0,179,90
"2016",11,"NOV",05-NOV-16,"Portugal Continental","COUNTRY (FIR)",1770,4328,0,4328,0,0,0,0,0,0,0,0,0,0,0,0,0,0,179,90
"2016",11,"NOV",05-NOV-16,"Portugal Santa Maria","COUNTRY (FIR)",435,,,,,,,,,,,,,,,,,,,
"2016",11,"NOV",05-NOV-16,"Romania","COUNTRY (FIR)",1498,,,,,,,,,,,,,,,,,,,
"2016",11,"NOV",05-NOV-16,"SES Area (RP2)","AREA (FIR)",19326,12591,0,4824,0,0,0,0,0,0,0,0,0,242,0,0,7525,0,433,254
"2016",11,"NOV",05-NOV-16,"SW FAB","FAB (FIR)",4777,12015,0,4490,0,0,0,0,0,0,0,0,0,0,0,0,7525,0,367,244
"2016",11,"NOV",05-NOV-16,"Serbia and Montenegro","COUNTRY (FIR)",1373,,,,,,,,,,,,,,,,,,,
"2016",11,"NOV",05-NOV-16,"Slovakia","COUNTRY (FIR)",1099,,,,,,,,,,,,,,,,,,,
"2016",11,"NOV",05-NOV-16,"Slovenia","COUNTRY (FIR)",781,,,,,,,,,,,,,,,,,,,
"2016",11,"NOV",05-NOV-16,"Spain","COUNTRY (FIR)",4613,7687,0,162,0,0,0,0,0,0,0,0,0,0,0,0,7525,0,188,154
"2016",11,"NOV",05-NOV-16,"Spain Canarias","COUNTRY (FIR)",1209,7599,0,74,0,0,0,0,0,0,0,0,0,0,0,0,7525,0,178,154
"2016",11,"NOV",05-NOV-16,"Spain Continental","COUNTRY (FIR)",4344,88,0,88,0,0,0,0,0,0,0,0,0,0,0,0,0,0,10,0
"2016",11,"NOV",05-NOV-16,"Sweden","COUNTRY (FIR)",1470,,,,,,,,,,,,,,,,,,,
"2016",11,"NOV",05-NOV-16,"Switzerland","COUNTRY (FIR)",2178,0,0,0,0,0,0,0,0,0,0,0,0,0,0,0,0,0,0,0
"2016",11,"NOV",05-NOV-16,"The former Yugoslav Republic of Macedonia","COUNTRY (FIR)",257,,,,,,,,,,,,,,,,,,,
"2016",11,"NOV",05-NOV-16,"Turkey","COUNTRY (FIR)",3345,0,0,0,0,0,0,0,0,0,0,0,0,0,0,0,0,0,0,0
"2016",11,"NOV",05-NOV-16,"UK Continental","COUNTRY (FIR)",5168,,,,,,,,,,,,,,,,,,,
"2016",11,"NOV",05-NOV-16,"UK Oceanic","COUNTRY (FIR)",1341,,,,,,,,,,,,,,,,,,,
"2016",11,"NOV",05-NOV-16,"UK-Ireland FAB","FAB (FIR)",5272,,,,,,,,,,,,,,,,,,,
"2016",11,"NOV",05-NOV-16,"Ukraine","COUNTRY (FIR)",487,,,,,,,,,,,,,,,,,,,
"2016",11,"NOV",05-NOV-16,"United Kingdom","COUNTRY (FIR)",5433,,,,,,,,,,,,,,,,,,,
"2016",11,"NOV",06-NOV-16,"Albania","COUNTRY (FIR)",420,,,,,,,,,,,,,,,,,,,
"2016",11,"NOV",06-NOV-16,"Armenia","COUNTRY (FIR)",124,,,,,,,,,,,,,,,,,,,
"2016",11,"NOV",06-NOV-16,"Austria","COUNTRY (FIR)",2879,,,,,,,,,,,,,,,,,,,
"2016",11,"NOV",06-NOV-16,"BLUE MED FAB","FAB (FIR)",5527,246,0,246,0,0,0,0,0,0,0,0,0,0,0,0,0,0,12,8
"2016",11,"NOV",06-NOV-16,"Baltic FAB","FAB (FIR)",2142,2291,0,1840,0,0,0,0,0,0,67,0,0,384,0,0,0,0,159,56
"2016",11,"NOV",06-NOV-16,"Belgium","COUNTRY (FIR)",2962,,,,,,,,,,,,,,,,,,,
"2016",11,"NOV",06-NOV-16,"Bosnia and Herzegovina","COUNTRY (FIR)",767,,,,,,,,,,,,,,,,,,,
"2016",11,"NOV",06-NOV-16,"Bulgaria","COUNTRY (FIR)",1947,,,,,,,,,,,,,,,,,,,
"2016",11,"NOV",06-NOV-16,"Croatia","COUNTRY (FIR)",1213,,,,,,,,,,,,,,,,,,,
"2016",11,"NOV",06-NOV-16,"Cyprus","COUNTRY (FIR)",930,246,0,246,0,0,0,0,0,0,0,0,0,0,0,0,0,0,12,8
"2016",11,"NOV",06-NOV-16,"Czech Republic","COUNTRY (FIR)",1914,,,,,,,,,,,,,,,,,,,
"2016",11,"NOV",06-NOV-16,"DANUBE FAB","FAB (FIR)",2326,0,0,0,0,0,0,0,0,0,0,0,0,0,0,0,0,0,0,0
"2016",11,"NOV",06-NOV-16,"DK-SE FAB","FAB (FIR)",2507,,,,,,,,,,,,,,,,,,,
"2016",11,"NOV",06-NOV-16,"Denmark","COUNTRY (FIR)",1569,,,,,,,,,,,,,,,,,,,
"2016",11,"NOV",06-NOV-16,"Estonia","COUNTRY (FIR)",458,,,,,,,,,,,,,,,,,,,
"2016",11,"NOV",06-NOV-16,"FAB CE","FAB (FIR)",4967,,,,,,,,,,,,,,,,,,,
"2016",11,"NOV",06-NOV-16,"FAB CE (SES RP1)","FAB (FIR)",4558,,,,,,,,,,,,,,,,,,,
"2016",11,"NOV",06-NOV-16,"FAB CE (SES RP2)","FAB (FIR)",4961,,,,,,,,,,,,,,,,,,,
"2016",11,"NOV",06-NOV-16,"FABEC","FAB (FIR)",13938,2984,0,2979,0,0,0,0,0,0,0,0,5,0,0,0,0,0,239,58
"2016",11,"NOV",06-NOV-16,"Finland","COUNTRY (FIR)",594,,,,,,,,,,,,,,,,,,,
"2016",11,"NOV",06-NOV-16,"France","COUNTRY (FIR)",7381,1064,0,1064,0,0,0,0,0,0,0,0,0,0,0,0,0,0,77,28
"2016",11,"NOV",06-NOV-16,"Georgia","COUNTRY (FIR)",394,,,,,,,,,,,,,,,,,,,
"2016",11,"NOV",06-NOV-16,"Germany","COUNTRY (FIR)",7679,722,0,717,0,0,0,0,0,0,0,0,5,0,0,0,0,0,60,12
"2016",11,"NOV",06-NOV-16,"Greece","COUNTRY (FIR)",1510,0,0,0,0,0,0,0,0,0,0,0,0,0,0,0,0,0,0,0
"2016",11,"NOV",06-NOV-16,"Hungary","COUNTRY (FIR)",1940,,,,,,,,,,,,,,,,,,,
"2016",11,"NOV",06-NOV-16,"Ireland","COUNTRY (FIR)",1347,,,,,,,,,,,,,,,,,,,
"2016",11,"NOV",06-NOV-16,"Italy","COUNTRY (FIR)",4076,0,0,0,0,0,0,0,0,0,0,0,0,0,0,0,0,0,0,0
"2016",11,"NOV",06-NOV-16,"Latvia","COUNTRY (FIR)",602,,,,,,,,,,,,,,,,,,,
"2016",11,"NOV",06-NOV-16,"Lithuania","COUNTRY (FIR)",683,,,,,,,,,,,,,,,,,,,
"2016",11,"NOV",06-NOV-16,"Malta","COUNTRY (FIR)",281,,,,,,,,,,,,,,,,,,,
"2016",11,"NOV",06-NOV-16,"Moldova","COUNTRY (FIR)",122,,,,,,,,,,,,,,,,,,,
"2016",11,"NOV",06-NOV-16,"NEFAB","FAB (FIR)",2365,,,,,,,,,,,,,,,,,,,
"2016",11,"NOV",06-NOV-16,"Netherlands","COUNTRY (FIR)",3209,1198,0,1198,0,0,0,0,0,0,0,0,0,0,0,0,0,0,102,18
"2016",11,"NOV",06-NOV-16,"Norway","COUNTRY (FIR)",1378,,,,,,,,,,,,,,,,,,,
"2016",11,"NOV",06-NOV-16,"Poland","COUNTRY (FIR)",1915,2291,0,1840,0,0,0,0,0,0,67,0,0,384,0,0,0,0,159,56
"2016",11,"NOV",06-NOV-16,"Portugal","COUNTRY (FIR)",1786,,,,,,,,,,,,,,,,,,,
"2016",11,"NOV",06-NOV-16,"Portugal Continental","COUNTRY (FIR)",1595,,,,,,,,,,,,,,,,,,,
"2016",11,"NOV",06-NOV-16,"Portugal Santa Maria","COUNTRY (FIR)",394,,,,,,,,,,,,,,,,,,,
"2016",11,"NOV",06-NOV-16,"Romania","COUNTRY (FIR)",1590,0,0,0,0,0,0,0,0,0,0,0,0,0,0,0,0,0,0,0
"2016",11,"NOV",06-NOV-16,"SES Area (RP2)","AREA (FIR)",22515,5694,0,5238,0,0,0,0,0,0,67,0,5,384,0,0,0,0,424,127
"2016",11,"NOV",06-NOV-16,"SW FAB","FAB (FIR)",4934,173,0,173,0,0,0,0,0,0,0,0,0,0,0,0,0,0,14,5
"2016",11,"NOV",06-NOV-16,"Serbia and Montenegro","COUNTRY (FIR)",1467,,,,,,,,,,,,,,,,,,,
"2016",11,"NOV",06-NOV-16,"Slovakia","COUNTRY (FIR)",1194,,,,,,,,,,,,,,,,,,,
"2016",11,"NOV",06-NOV-16,"Slovenia","COUNTRY (FIR)",858,,,,,,,,,,,,,,,,,,,
"2016",11,"NOV",06-NOV-16,"Spain","COUNTRY (FIR)",4768,173,0,173,0,0,0,0,0,0,0,0,0,0,0,0,0,0,14,5
"2016",11,"NOV",06-NOV-16,"Spain Canarias","COUNTRY (FIR)",1012,0,0,0,0,0,0,0,0,0,0,0,0,0,0,0,0,0,0,0
"2016",11,"NOV",06-NOV-16,"Spain Continental","COUNTRY (FIR)",4468,173,0,173,0,0,0,0,0,0,0,0,0,0,0,0,0,0,14,5
"2016",11,"NOV",06-NOV-16,"Sweden","COUNTRY (FIR)",1827,,,,,,,,,,,,,,,,,,,
"2016",11,"NOV",06-NOV-16,"Switzerland","COUNTRY (FIR)",2498,0,0,0,0,0,0,0,0,0,0,0,0,0,0,0,0,0,0,0
"2016",11,"NOV",06-NOV-16,"The former Yugoslav Republic of Macedonia","COUNTRY (FIR)",280,,,,,,,,,,,,,,,,,,,
"2016",11,"NOV",06-NOV-16,"Turkey","COUNTRY (FIR)",3620,0,0,0,0,0,0,0,0,0,0,0,0,0,0,0,0,0,0,0
"2016",11,"NOV",06-NOV-16,"UK Continental","COUNTRY (FIR)",5949,,,,,,,,,,,,,,,,,,,
"2016",11,"NOV",06-NOV-16,"UK Oceanic","COUNTRY (FIR)",1285,,,,,,,,,,,,,,,,,,,
"2016",11,"NOV",06-NOV-16,"UK-Ireland FAB","FAB (FIR)",6036,,,,,,,,,,,,,,,,,,,
"2016",11,"NOV",06-NOV-16,"Ukraine","COUNTRY (FIR)",493,,,,,,,,,,,,,,,,,,,
"2016",11,"NOV",06-NOV-16,"United Kingdom","COUNTRY (FIR)",6169,,,,,,,,,,,,,,,,,,,
"2016",11,"NOV",07-NOV-16,"Albania","COUNTRY (FIR)",285,,,,,,,,,,,,,,,,,,,
"2016",11,"NOV",07-NOV-16,"Armenia","COUNTRY (FIR)",122,,,,,,,,,,,,,,,,,,,
"2016",11,"NOV",07-NOV-16,"Austria","COUNTRY (FIR)",2780,,,,,,,,,,,,,,,,,,,
"2016",11,"NOV",07-NOV-16,"BLUE MED FAB","FAB (FIR)",5195,0,0,0,0,0,0,0,0,0,0,0,0,0,0,0,0,0,0,0
"2016",11,"NOV",07-NOV-16,"Baltic FAB","FAB (FIR)",2101,239,0,218,0,0,0,0,0,0,21,0,0,0,0,0,0,0,21,4
"2016",11,"NOV",07-NOV-16,"Belgium","COUNTRY (FIR)",3056,90,0,90,0,0,0,0,0,0,0,0,0,0,0,0,0,0,17,0
"2016",11,"NOV",07-NOV-16,"Bosnia and Herzegovina","COUNTRY (FIR)",630,,,,,,,,,,,,,,,,,,,
"2016",11,"NOV",07-NOV-16,"Bulgaria","COUNTRY (FIR)",1678,,,,,,,,,,,,,,,,,,,
"2016",11,"NOV",07-NOV-16,"Croatia","COUNTRY (FIR)",1031,,,,,,,,,,,,,,,,,,,
"2016",11,"NOV",07-NOV-16,"Cyprus","COUNTRY (FIR)",811,,,,,,,,,,,,,,,,,,,
"2016",11,"NOV",07-NOV-16,"Czech Republic","COUNTRY (FIR)",2036,,,,,,,,,,,,,,,,,,,
"2016",11,"NOV",07-NOV-16,"DANUBE FAB","FAB (FIR)",2123,0,0,0,0,0,0,0,0,0,0,0,0,0,0,0,0,0,0,0
"2016",11,"NOV",07-NOV-16,"DK-SE FAB","FAB (FIR)",2992,0,0,0,0,0,0,0,0,0,0,0,0,0,0,0,0,0,0,0
"2016",11,"NOV",07-NOV-16,"Denmark","COUNTRY (FIR)",1803,,,,,,,,,,,,,,,,,,,
"2016",11,"NOV",07-NOV-16,"Estonia","COUNTRY (FIR)",532,,,,,,,,,,,,,,,,,,,
"2016",11,"NOV",07-NOV-16,"FAB CE","FAB (FIR)",4860,,,,,,,,,,,,,,,,,,,
"2016",11,"NOV",07-NOV-16,"FAB CE (SES RP1)","FAB (FIR)",4512,,,,,,,,,,,,,,,,,,,
"2016",11,"NOV",07-NOV-16,"FAB CE (SES RP2)","FAB (FIR)",4848,,,,,,,,,,,,,,,,,,,
"2016",11,"NOV",07-NOV-16,"FABEC","FAB (FIR)",14962,3057,0,2446,0,0,0,0,236,0,0,0,3,372,0,0,0,0,298,48
"2016",11,"NOV",07-NOV-16,"Finland","COUNTRY (FIR)",754,0,0,0,0,0,0,0,0,0,0,0,0,0,0,0,0,0,0,0
"2016",11,"NOV",07-NOV-16,"France","COUNTRY (FIR)",7530,149,0,149,0,0,0,0,0,0,0,0,0,0,0,0,0,0,13,3
"2016",11,"NOV",07-NOV-16,"Georgia","COUNTRY (FIR)",370,,,,,,,,,,,,,,,,,,,
"2016",11,"NOV",07-NOV-16,"Germany","COUNTRY (FIR)",8277,801,0,392,0,0,0,0,236,0,0,0,3,170,0,0,0,0,91,10
"2016",11,"NOV",07-NOV-16,"Greece","COUNTRY (FIR)",1258,0,0,0,0,0,0,0,0,0,0,0,0,0,0,0,0,0,0,0
"2016",11,"NOV",07-NOV-16,"Hungary","COUNTRY (FIR)",1812,,,,,,,,,,,,,,,,,,,
"2016",11,"NOV",07-NOV-16,"Ireland","COUNTRY (FIR)",1459,,,,,,,,,,,,,,,,,,,
"2016",11,"NOV",07-NOV-16,"Italy","COUNTRY (FIR)",3912,,,,,,,,,,,,,,,,,,,
"2016",11,"NOV",07-NOV-16,"Latvia","COUNTRY (FIR)",648,,,,,,,,,,,,,,,,,,,
"2016",11,"NOV",07-NOV-16,"Lithuania","COUNTRY (FIR)",635,,,,,,,,,,,,,,,,,,,
"2016",11,"NOV",07-NOV-16,"Malta","COUNTRY (FIR)",250,,,,,,,,,,,,,,,,,,,
"2016",11,"NOV",07-NOV-16,"Moldova","COUNTRY (FIR)",93,,,,,,,,,,,,,,,,,,,
"2016",11,"NOV",07-NOV-16,"NEFAB","FAB (FIR)",2950,0,0,0,0,0,0,0,0,0,0,0,0,0,0,0,0,0,0,0
"2016",11,"NOV",07-NOV-16,"Netherlands","COUNTRY (FIR)",3296,1794,0,1592,0,0,0,0,0,0,0,0,0,202,0,0,0,0,165,28
"2016",11,"NOV",07-NOV-16,"Norway","COUNTRY (FIR)",1789,0,0,0,0,0,0,0,0,0,0,0,0,0,0,0,0,0,0,0
"2016",11,"NOV",07-NOV-16,"Poland","COUNTRY (FIR)",1887,239,0,218,0,0,0,0,0,0,21,0,0,0,0,0,0,0,21,4
"2016",11,"NOV",07-NOV-16,"Portugal","COUNTRY (FIR)",1592,,,,,,,,,,,,,,,,,,,
"2016",11,"NOV",07-NOV-16,"Portugal Continental","COUNTRY (FIR)",1410,,,,,,,,,,,,,,,,,,,
"2016",11,"NOV",07-NOV-16,"Portugal Santa Maria","COUNTRY (FIR)",358,,,,,,,,,,,,,,,,,,,
"2016",11,"NOV",07-NOV-16,"Romania","COUNTRY (FIR)",1489,0,0,0,0,0,0,0,0,0,0,0,0,0,0,0,0,0,0,0
"2016",11,"NOV",07-NOV-16,"SES Area (RP2)","AREA (FIR)",24960,3626,0,2994,0,0,0,0,236,0,21,0,3,372,0,0,0,0,343,61
"2016",11,"NOV",07-NOV-16,"SW FAB","FAB (FIR)",4581,330,0,330,0,0,0,0,0,0,0,0,0,0,0,0,0,0,24,9
"2016",11,"NOV",07-NOV-16,"Serbia and Montenegro","COUNTRY (FIR)",1229,,,,,,,,,,,,,,,,,,,
"2016",11,"NOV",07-NOV-16,"Slovakia","COUNTRY (FIR)",1135,,,,,,,,,,,,,,,,,,,
"2016",11,"NOV",07-NOV-16,"Slovenia","COUNTRY (FIR)",749,,,,,,,,,,,,,,,,,,,
"2016",11,"NOV",07-NOV-16,"Spain","COUNTRY (FIR)",4427,330,0,330,0,0,0,0,0,0,0,0,0,0,0,0,0,0,24,9
"2016",11,"NOV",07-NOV-16,"Spain Canarias","COUNTRY (FIR)",877,330,0,330,0,0,0,0,0,0,0,0,0,0,0,0,0,0,24,9
"2016",11,"NOV",07-NOV-16,"Spain Continental","COUNTRY (FIR)",4133,0,0,0,0,0,0,0,0,0,0,0,0,0,0,0,0,0,0,0
"2016",11,"NOV",07-NOV-16,"Sweden","COUNTRY (FIR)",2175,0,0,0,0,0,0,0,0,0,0,0,0,0,0,0,0,0,0,0
"2016",11,"NOV",07-NOV-16,"Switzerland","COUNTRY (FIR)",2589,223,0,223,0,0,0,0,0,0,0,0,0,0,0,0,0,0,12,7
"2016",11,"NOV",07-NOV-16,"The former Yugoslav Republic of Macedonia","COUNTRY (FIR)",253,,,,,,,,,,,,,,,,,,,
"2016",11,"NOV",07-NOV-16,"Turkey","COUNTRY (FIR)",3254,0,0,0,0,0,0,0,0,0,0,0,0,0,0,0,0,0,0,0
"2016",11,"NOV",07-NOV-16,"UK Continental","COUNTRY (FIR)",6420,,,,,,,,,,,,,,,,,,,
"2016",11,"NOV",07-NOV-16,"UK Oceanic","COUNTRY (FIR)",1233,,,,,,,,,,,,,,,,,,,
"2016",11,"NOV",07-NOV-16,"UK-Ireland FAB","FAB (FIR)",6511,,,,,,,,,,,,,,,,,,,
"2016",11,"NOV",07-NOV-16,"Ukraine","COUNTRY (FIR)",485,,,,,,,,,,,,,,,,,,,
"2016",11,"NOV",07-NOV-16,"United Kingdom","COUNTRY (FIR)",6627,,,,,,,,,,,,,,,,,,,
"2016",11,"NOV",08-NOV-16,"Albania","COUNTRY (FIR)",276,,,,,,,,,,,,,,,,,,,
"2016",11,"NOV",08-NOV-16,"Armenia","COUNTRY (FIR)",112,,,,,,,,,,,,,,,,,,,
"2016",11,"NOV",08-NOV-16,"Austria","COUNTRY (FIR)",2598,,,,,,,,,,,,,,,,,,,
"2016",11,"NOV",08-NOV-16,"BLUE MED FAB","FAB (FIR)",4730,,,,,,,,,,,,,,,,,,,
"2016",11,"NOV",08-NOV-16,"Baltic FAB","FAB (FIR)",2066,165,0,95,0,0,0,0,0,0,70,0,0,0,0,0,0,0,14,5
"2016",11,"NOV",08-NOV-16,"Belgium","COUNTRY (FIR)",2927,11,0,0,0,0,0,0,0,0,0,0,0,11,0,0,0,0,1,0
"2016",11,"NOV",08-NOV-16,"Bosnia and Herzegovina","COUNTRY (FIR)",596,0,0,0,0,0,0,0,0,0,0,0,0,0,0,0,0,0,0,0
"2016",11,"NOV",08-NOV-16,"Bulgaria","COUNTRY (FIR)",1653,,,,,,,,,,,,,,,,,,,
"2016",11,"NOV",08-NOV-16,"Croatia","COUNTRY (FIR)",936,,,,,,,,,,,,,,,,,,,
"2016",11,"NOV",08-NOV-16,"Cyprus","COUNTRY (FIR)",734,,,,,,,,,,,,,,,,,,,
"2016",11,"NOV",08-NOV-16,"Czech Republic","COUNTRY (FIR)",1897,,,,,,,,,,,,,,,,,,,
"2016",11,"NOV",08-NOV-16,"DANUBE FAB","FAB (FIR)",2043,,,,,,,,,,,,,,,,,,,
"2016",11,"NOV",08-NOV-16,"DK-SE FAB","FAB (FIR)",2857,0,0,0,0,0,0,0,0,0,0,0,0,0,0,0,0,0,0,0
"2016",11,"NOV",08-NOV-16,"Denmark","COUNTRY (FIR)",1684,0,0,0,0,0,0,0,0,0,0,0,0,0,0,0,0,0,0,0
"2016",11,"NOV",08-NOV-16,"Estonia","COUNTRY (FIR)",479,,,,,,,,,,,,,,,,,,,
"2016",11,"NOV",08-NOV-16,"FAB CE","FAB (FIR)",4513,0,0,0,0,0,0,0,0,0,0,0,0,0,0,0,0,0,0,0
"2016",11,"NOV",08-NOV-16,"FAB CE (SES RP1)","FAB (FIR)",4168,,,,,,,,,,,,,,,,,,,
"2016",11,"NOV",08-NOV-16,"FAB CE (SES RP2)","FAB (FIR)",4499,,,,,,,,,,,,,,,,,,,
"2016",11,"NOV",08-NOV-16,"FABEC","FAB (FIR)",14115,1312,0,444,0,0,0,0,0,0,0,0,0,703,0,0,165,0,103,24
"2016",11,"NOV",08-NOV-16,"Finland","COUNTRY (FIR)",766,0,0,0,0,0,0,0,0,0,0,0,0,0,0,0,0,0,0,0
"2016",11,"NOV",08-NOV-16,"France","COUNTRY (FIR)",6932,1025,0,301,0,0,0,0,0,0,0,0,0,559,0,0,165,0,70,22
"2016",11,"NOV",08-NOV-16,"Georgia","COUNTRY (FIR)",367,,,,,,,,,,,,,,,,,,,
"2016",11,"NOV",08-NOV-16,"Germany","COUNTRY (FIR)",7894,219,0,86,0,0,0,0,0,0,0,0,0,133,0,0,0,0,26,2
"2016",11,"NOV",08-NOV-16,"Greece","COUNTRY (FIR)",1120,,,,,,,,,,,,,,,,,,,
"2016",11,"NOV",08-NOV-16,"Hungary","COUNTRY (FIR)",1657,,,,,,,,,,,,,,,,,,,
"2016",11,"NOV",08-NOV-16,"Ireland","COUNTRY (FIR)",1218,,,,,,,,,,,,,,,,,,,
"2016",11,"NOV",08-NOV-16,"Italy","COUNTRY (FIR)",3566,,,,,,,,,,,,,,,,,,,
"2016",11,"NOV",08-NOV-16,"Latvia","COUNTRY (FIR)",570,,,,,,,,,,,,,,,,,,,
"2016",11,"NOV",08-NOV-16,"Lithuania","COUNTRY (FIR)",650,,,,,,,,,,,,,,,,,,,
"2016",11,"NOV",08-NOV-16,"Malta","COUNTRY (FIR)",245,,,,,,,,,,,,,,,,,,,
"2016",11,"NOV",08-NOV-16,"Moldova","COUNTRY (FIR)",87,,,,,,,,,,,,,,,,,,,
"2016",11,"NOV",08-NOV-16,"NEFAB","FAB (FIR)",2893,0,0,0,0,0,0,0,0,0,0,0,0,0,0,0,0,0,0,0
"2016",11,"NOV",08-NOV-16,"Netherlands","COUNTRY (FIR)",3139,0,0,0,0,0,0,0,0,0,0,0,0,0,0,0,0,0,0,0
"2016",11,"NOV",08-NOV-16,"Norway","COUNTRY (FIR)",1794,0,0,0,0,0,0,0,0,0,0,0,0,0,0,0,0,0,0,0
"2016",11,"NOV",08-NOV-16,"Poland","COUNTRY (FIR)",1834,165,0,95,0,0,0,0,0,0,70,0,0,0,0,0,0,0,14,5
"2016",11,"NOV",08-NOV-16,"Portugal","COUNTRY (FIR)",1490,675,0,98,0,0,0,0,0,0,0,0,0,577,0,0,0,0,56,11
"2016",11,"NOV",08-NOV-16,"Portugal Continental","COUNTRY (FIR)",1331,675,0,98,0,0,0,0,0,0,0,0,0,577,0,0,0,0,56,11
"2016",11,"NOV",08-NOV-16,"Portugal Santa Maria","COUNTRY (FIR)",348,,,,,,,,,,,,,,,,,,,
"2016",11,"NOV",08-NOV-16,"Romania","COUNTRY (FIR)",1404,,,,,,,,,,,,,,,,,,,
"2016",11,"NOV",08-NOV-16,"SES Area (RP2)","AREA (FIR)",23715,2152,0,637,0,0,0,0,0,0,70,0,0,1280,0,0,165,0,173,40
"2016",11,"NOV",08-NOV-16,"SW FAB","FAB (FIR)",4194,675,0,98,0,0,0,0,0,0,0,0,0,577,0,0,0,0,56,11
"2016",11,"NOV",08-NOV-16,"Serbia and Montenegro","COUNTRY (FIR)",1134,,,,,,,,,,,,,,,,,,,
"2016",11,"NOV",08-NOV-16,"Slovakia","COUNTRY (FIR)",1023,,,,,,,,,,,,,,,,,,,
"2016",11,"NOV",08-NOV-16,"Slovenia","COUNTRY (FIR)",676,,,,,,,,,,,,,,,,,,,
"2016",11,"NOV",08-NOV-16,"Spain","COUNTRY (FIR)",4044,,,,,,,,,,,,,,,,,,,
"2016",11,"NOV",08-NOV-16,"Spain Canarias","COUNTRY (FIR)",798,,,,,,,,,,,,,,,,,,,
"2016",11,"NOV",08-NOV-16,"Spain Continental","COUNTRY (FIR)",3753,,,,,,,,,,,,,,,,,,,
"2016",11,"NOV",08-NOV-16,"Sweden","COUNTRY (FIR)",2087,0,0,0,0,0,0,0,0,0,0,0,0,0,0,0,0,0,0,0
"2016",11,"NOV",08-NOV-16,"Switzerland","COUNTRY (FIR)",2312,57,0,57,0,0,0,0,0,0,0,0,0,0,0,0,0,0,6,0
"2016",11,"NOV",08-NOV-16,"The former Yugoslav Republic of Macedonia","COUNTRY (FIR)",206,,,,,,,,,,,,,,,,,,,
"2016",11,"NOV",08-NOV-16,"Turkey","COUNTRY (FIR)",3082,0,0,0,0,0,0,0,0,0,0,0,0,0,0,0,0,0,0,0
"2016",11,"NOV",08-NOV-16,"UK Continental","COUNTRY (FIR)",5923,0,0,0,0,0,0,0,0,0,0,0,0,0,0,0,0,0,0,0
"2016",11,"NOV",08-NOV-16,"UK Oceanic","COUNTRY (FIR)",1110,,,,,,,,,,,,,,,,,,,
"2016",11,"NOV",08-NOV-16,"UK-Ireland FAB","FAB (FIR)",6007,0,0,0,0,0,0,0,0,0,0,0,0,0,0,0,0,0,0,0
"2016",11,"NOV",08-NOV-16,"Ukraine","COUNTRY (FIR)",442,,,,,,,,,,,,,,,,,,,
"2016",11,"NOV",08-NOV-16,"United Kingdom","COUNTRY (FIR)",6090,0,0,0,0,0,0,0,0,0,0,0,0,0,0,0,0,0,0,0
"2016",11,"NOV",09-NOV-16,"Albania","COUNTRY (FIR)",344,,,,,,,,,,,,,,,,,,,
"2016",11,"NOV",09-NOV-16,"Armenia","COUNTRY (FIR)",106,,,,,,,,,,,,,,,,,,,
"2016",11,"NOV",09-NOV-16,"Austria","COUNTRY (FIR)",2705,,,,,,,,,,,,,,,,,,,
"2016",11,"NOV",09-NOV-16,"BLUE MED FAB","FAB (FIR)",4930,0,0,0,0,0,0,0,0,0,0,0,0,0,0,0,0,0,0,0
"2016",11,"NOV",09-NOV-16,"Baltic FAB","FAB (FIR)",2034,525,0,525,0,0,0,0,0,0,0,0,0,0,0,0,0,0,42,8
"2016",11,"NOV",09-NOV-16,"Belgium","COUNTRY (FIR)",3100,41,0,41,0,0,0,0,0,0,0,0,0,0,0,0,0,0,4,1
"2016",11,"NOV",09-NOV-16,"Bosnia and Herzegovina","COUNTRY (FIR)",636,,,,,,,,,,,,,,,,,,,
"2016",11,"NOV",09-NOV-16,"Bulgaria","COUNTRY (FIR)",1674,,,,,,,,,,,,,,,,,,,
"2016",11,"NOV",09-NOV-16,"Croatia","COUNTRY (FIR)",1009,,,,,,,,,,,,,,,,,,,
"2016",11,"NOV",09-NOV-16,"Cyprus","COUNTRY (FIR)",854,,,,,,,,,,,,,,,,,,,
"2016",11,"NOV",09-NOV-16,"Czech Republic","COUNTRY (FIR)",1971,,,,,,,,,,,,,,,,,,,
"2016",11,"NOV",09-NOV-16,"DANUBE FAB","FAB (FIR)",2117,,,,,,,,,,,,,,,,,,,
"2016",11,"NOV",09-NOV-16,"DK-SE FAB","FAB (FIR)",2817,0,0,0,0,0,0,0,0,0,0,0,0,0,0,0,0,0,0,0
"2016",11,"NOV",09-NOV-16,"Denmark","COUNTRY (FIR)",1696,,,,,,,,,,,,,,,,,,,
"2016",11,"NOV",09-NOV-16,"Estonia","COUNTRY (FIR)",477,,,,,,,,,,,,,,,,,,,
"2016",11,"NOV",09-NOV-16,"FAB CE","FAB (FIR)",4756,,,,,,,,,,,,,,,,,,,
"2016",11,"NOV",09-NOV-16,"FAB CE (SES RP1)","FAB (FIR)",4405,,,,,,,,,,,,,,,,,,,
"2016",11,"NOV",09-NOV-16,"FAB CE (SES RP2)","FAB (FIR)",4745,,,,,,,,,,,,,,,,,,,
"2016",11,"NOV",09-NOV-16,"FABEC","FAB (FIR)",14325,1370,0,857,0,0,0,0,0,0,0,0,11,502,0,0,0,0,124,23
"2016",11,"NOV",09-NOV-16,"Finland","COUNTRY (FIR)",763,0,0,0,0,0,0,0,0,0,0,0,0,0,0,0,0,0,0,0
"2016",11,"NOV",09-NOV-16,"France","COUNTRY (FIR)",6946,530,0,169,0,0,0,0,0,0,0,0,0,361,0,0,0,0,36,12
"2016",11,"NOV",09-NOV-16,"Georgia","COUNTRY (FIR)",326,,,,,,,,,,,,,,,,,,,
"2016",11,"NOV",09-NOV-16,"Germany","COUNTRY (FIR)",8146,617,0,465,0,0,0,0,0,0,0,0,11,141,0,0,0,0,64,6
"2016",11,"NOV",09-NOV-16,"Greece","COUNTRY (FIR)",1226,0,0,0,0,0,0,0,0,0,0,0,0,0,0,0,0,0,0,0
"2016",11,"NOV",09-NOV-16,"Hungary","COUNTRY (FIR)",1765,,,,,,,,,,,,,,,,,,,
"2016",11,"NOV",09-NOV-16,"Ireland","COUNTRY (FIR)",1170,,,,,,,,,,,,,,,,,,,
"2016",11,"NOV",09-NOV-16,"Italy","COUNTRY (FIR)",3667,,,,,,,,,,,,,,,,,,,
"2016",11,"NOV",09-NOV-16,"Latvia","COUNTRY (FIR)",601,,,,,,,,,,,,,,,,,,,
"2016",11,"NOV",09-NOV-16,"Lithuania","COUNTRY (FIR)",665,,,,,,,,,,,,,,,,,,,
"2016",11,"NOV",09-NOV-16,"Malta","COUNTRY (FIR)",234,,,,,,,,,,,,,,,,,,,
"2016",11,"NOV",09-NOV-16,"Moldova","COUNTRY (FIR)",111,,,,,,,,,,,,,,,,,,,
"2016",11,"NOV",09-NOV-16,"NEFAB","FAB (FIR)",2908,0,0,0,0,0,0,0,0,0,0,0,0,0,0,0,0,0,0,0
"2016",11,"NOV",09-NOV-16,"Netherlands","COUNTRY (FIR)",3223,182,0,182,0,0,0,0,0,0,0,0,0,0,0,0,0,0,20,4
"2016",11,"NOV",09-NOV-16,"Norway","COUNTRY (FIR)",1768,0,0,0,0,0,0,0,0,0,0,0,0,0,0,0,0,0,0,0
"2016",11,"NOV",09-NOV-16,"Poland","COUNTRY (FIR)",1793,525,0,525,0,0,0,0,0,0,0,0,0,0,0,0,0,0,42,8
"2016",11,"NOV",09-NOV-16,"Portugal","COUNTRY (FIR)",1508,0,0,0,0,0,0,0,0,0,0,0,0,0,0,0,0,0,0,0
"2016",11,"NOV",09-NOV-16,"Portugal Continental","COUNTRY (FIR)",1347,0,0,0,0,0,0,0,0,0,0,0,0,0,0,0,0,0,0,0
"2016",11,"NOV",09-NOV-16,"Portugal Santa Maria","COUNTRY (FIR)",312,,,,,,,,,,,,,,,,,,,
"2016",11,"NOV",09-NOV-16,"Romania","COUNTRY (FIR)",1497,,,,,,,,,,,,,,,,,,,
"2016",11,"NOV",09-NOV-16,"SES Area (RP2)","AREA (FIR)",23927,1895,0,1382,0,0,0,0,0,0,0,0,11,502,0,0,0,0,166,31
"2016",11,"NOV",09-NOV-16,"SW FAB","FAB (FIR)",4103,0,0,0,0,0,0,0,0,0,0,0,0,0,0,0,0,0,0,0
"2016",11,"NOV",09-NOV-16,"Serbia and Montenegro","COUNTRY (FIR)",1210,,,,,,,,,,,,,,,,,,,
"2016",11,"NOV",09-NOV-16,"Slovakia","COUNTRY (FIR)",1121,,,,,,,,,,,,,,,,,,,
"2016",11,"NOV",09-NOV-16,"Slovenia","COUNTRY (FIR)",733,,,,,,,,,,,,,,,,,,,
"2016",11,"NOV",09-NOV-16,"Spain","COUNTRY (FIR)",3954,,,,,,,,,,,,,,,,,,,
"2016",11,"NOV",09-NOV-16,"Spain Canarias","COUNTRY (FIR)",811,,,,,,,,,,,,,,,,,,,
"2016",11,"NOV",09-NOV-16,"Spain Continental","COUNTRY (FIR)",3703,,,,,,,,,,,,,,,,,,,
"2016",11,"NOV",09-NOV-16,"Sweden","COUNTRY (FIR)",2193,0,0,0,0,0,0,0,0,0,0,0,0,0,0,0,0,0,0,0
"2016",11,"NOV",09-NOV-16,"Switzerland","COUNTRY (FIR)",2356,0,0,0,0,0,0,0,0,0,0,0,0,0,0,0,0,0,0,0
"2016",11,"NOV",09-NOV-16,"The former Yugoslav Republic of Macedonia","COUNTRY (FIR)",216,,,,,,,,,,,,,,,,,,,
"2016",11,"NOV",09-NOV-16,"Turkey","COUNTRY (FIR)",3215,0,0,0,0,0,0,0,0,0,0,0,0,0,0,0,0,0,0,0
"2016",11,"NOV",09-NOV-16,"UK Continental","COUNTRY (FIR)",5820,0,0,0,0,0,0,0,0,0,0,0,0,0,0,0,0,0,0,0
"2016",11,"NOV",09-NOV-16,"UK Oceanic","COUNTRY (FIR)",1007,,,,,,,,,,,,,,,,,,,
"2016",11,"NOV",09-NOV-16,"UK-Ireland FAB","FAB (FIR)",5900,0,0,0,0,0,0,0,0,0,0,0,0,0,0,0,0,0,0,0
"2016",11,"NOV",09-NOV-16,"Ukraine","COUNTRY (FIR)",480,,,,,,,,,,,,,,,,,,,
"2016",11,"NOV",09-NOV-16,"United Kingdom","COUNTRY (FIR)",5992,0,0,0,0,0,0,0,0,0,0,0,0,0,0,0,0,0,0,0
"2016",11,"NOV",10-NOV-16,"Albania","COUNTRY (FIR)",315,,,,,,,,,,,,,,,,,,,
"2016",11,"NOV",10-NOV-16,"Armenia","COUNTRY (FIR)",146,,,,,,,,,,,,,,,,,,,
"2016",11,"NOV",10-NOV-16,"Austria","COUNTRY (FIR)",2717,,,,,,,,,,,,,,,,,,,
"2016",11,"NOV",10-NOV-16,"BLUE MED FAB","FAB (FIR)",5217,,,,,,,,,,,,,,,,,,,
"2016",11,"NOV",10-NOV-16,"Baltic FAB","FAB (FIR)",2026,291,0,287,0,0,4,0,0,0,0,0,0,0,0,0,0,0,28,4
"2016",11,"NOV",10-NOV-16,"Belgium","COUNTRY (FIR)",3163,,,,,,,,,,,,,,,,,,,
"2016",11,"NOV",10-NOV-16,"Bosnia and Herzegovina","COUNTRY (FIR)",604,,,,,,,,,,,,,,,,,,,
"2016",11,"NOV",10-NOV-16,"Bulgaria","COUNTRY (FIR)",1670,,,,,,,,,,,,,,,,,,,
"2016",11,"NOV",10-NOV-16,"Croatia","COUNTRY (FIR)",964,,,,,,,,,,,,,,,,,,,
"2016",11,"NOV",10-NOV-16,"Cyprus","COUNTRY (FIR)",870,,,,,,,,,,,,,,,,,,,
"2016",11,"NOV",10-NOV-16,"Czech Republic","COUNTRY (FIR)",2033,,,,,,,,,,,,,,,,,,,
"2016",11,"NOV",10-NOV-16,"DANUBE FAB","FAB (FIR)",2062,,,,,,,,,,,,,,,,,,,
"2016",11,"NOV",10-NOV-16,"DK-SE FAB","FAB (FIR)",3056,0,0,0,0,0,0,0,0,0,0,0,0,0,0,0,0,0,0,0
"2016",11,"NOV",10-NOV-16,"Denmark","COUNTRY (FIR)",1798,0,0,0,0,0,0,0,0,0,0,0,0,0,0,0,0,0,0,0
"2016",11,"NOV",10-NOV-16,"Estonia","COUNTRY (FIR)",536,,,,,,,,,,,,,,,,,,,
"2016",11,"NOV",10-NOV-16,"FAB CE","FAB (FIR)",4747,,,,,,,,,,,,,,,,,,,
"2016",11,"NOV",10-NOV-16,"FAB CE (SES RP1)","FAB (FIR)",4392,,,,,,,,,,,,,,,,,,,
"2016",11,"NOV",10-NOV-16,"FAB CE (SES RP2)","FAB (FIR)",4735,,,,,,,,,,,,,,,,,,,
"2016",11,"NOV",10-NOV-16,"FABEC","FAB (FIR)",15039,2082,0,1881,0,0,0,0,0,0,0,0,17,0,0,0,184,0,157,55
"2016",11,"NOV",10-NOV-16,"Finland","COUNTRY (FIR)",797,,,,,,,,,,,,,,,,,,,
"2016",11,"NOV",10-NOV-16,"France","COUNTRY (FIR)",7508,441,0,257,0,0,0,0,0,0,0,0,0,0,0,0,184,0,30,10
"2016",11,"NOV",10-NOV-16,"Georgia","COUNTRY (FIR)",358,,,,,,,,,,,,,,,,,,,
"2016",11,"NOV",10-NOV-16,"Germany","COUNTRY (FIR)",8262,87,0,70,0,0,0,0,0,0,0,0,17,0,0,0,0,0,12,2
"2016",11,"NOV",10-NOV-16,"Greece","COUNTRY (FIR)",1283,,,,,,,,,,,,,,,,,,,
"2016",11,"NOV",10-NOV-16,"Hungary","COUNTRY (FIR)",1689,,,,,,,,,,,,,,,,,,,
"2016",11,"NOV",10-NOV-16,"Ireland","COUNTRY (FIR)",1428,,,,,,,,,,,,,,,,,,,
"2016",11,"NOV",10-NOV-16,"Italy","COUNTRY (FIR)",3869,,,,,,,,,,,,,,,,,,,
"2016",11,"NOV",10-NOV-16,"Latvia","COUNTRY (FIR)",628,,,,,,,,,,,,,,,,,,,
"2016",11,"NOV",10-NOV-16,"Lithuania","COUNTRY (FIR)",624,,,,,,,,,,,,,,,,,,,
"2016",11,"NOV",10-NOV-16,"Malta","COUNTRY (FIR)",236,,,,,,,,,,,,,,,,,,,
"2016",11,"NOV",10-NOV-16,"Moldova","COUNTRY (FIR)",98,,,,,,,,,,,,,,,,,,,
"2016",11,"NOV",10-NOV-16,"NEFAB","FAB (FIR)",3002,0,0,0,0,0,0,0,0,0,0,0,0,0,0,0,0,0,0,0
"2016",11,"NOV",10-NOV-16,"Netherlands","COUNTRY (FIR)",3376,1554,0,1554,0,0,0,0,0,0,0,0,0,0,0,0,0,0,115,43
"2016",11,"NOV",10-NOV-16,"Norway","COUNTRY (FIR)",1808,0,0,0,0,0,0,0,0,0,0,0,0,0,0,0,0,0,0,0
"2016",11,"NOV",10-NOV-16,"Poland","COUNTRY (FIR)",1806,291,0,287,0,0,4,0,0,0,0,0,0,0,0,0,0,0,28,4
"2016",11,"NOV",10-NOV-16,"Portugal","COUNTRY (FIR)",1565,1371,0,1371,0,0,0,0,0,0,0,0,0,0,0,0,0,0,93,33
"2016",11,"NOV",10-NOV-16,"Portugal Continental","COUNTRY (FIR)",1416,1371,0,1371,0,0,0,0,0,0,0,0,0,0,0,0,0,0,93,33
"2016",11,"NOV",10-NOV-16,"Portugal Santa Maria","COUNTRY (FIR)",335,,,,,,,,,,,,,,,,,,,
"2016",11,"NOV",10-NOV-16,"Romania","COUNTRY (FIR)",1449,,,,,,,,,,,,,,,,,,,
"2016",11,"NOV",10-NOV-16,"SES Area (RP2)","AREA (FIR)",25278,3744,0,3539,0,0,4,0,0,0,0,0,17,0,0,0,184,0,278,92
"2016",11,"NOV",10-NOV-16,"SW FAB","FAB (FIR)",4463,1371,0,1371,0,0,0,0,0,0,0,0,0,0,0,0,0,0,93,33
"2016",11,"NOV",10-NOV-16,"Serbia and Montenegro","COUNTRY (FIR)",1179,,,,,,,,,,,,,,,,,,,
"2016",11,"NOV",10-NOV-16,"Slovakia","COUNTRY (FIR)",1061,,,,,,,,,,,,,,,,,,,
"2016",11,"NOV",10-NOV-16,"Slovenia","COUNTRY (FIR)",684,,,,,,,,,,,,,,,,,,,
"2016",11,"NOV",10-NOV-16,"Spain","COUNTRY (FIR)",4311,0,0,0,0,0,0,0,0,0,0,0,0,0,0,0,0,0,0,0
"2016",11,"NOV",10-NOV-16,"Spain Canarias","COUNTRY (FIR)",805,0,0,0,0,0,0,0,0,0,0,0,0,0,0,0,0,0,0,0
"2016",11,"NOV",10-NOV-16,"Spain Continental","COUNTRY (FIR)",4024,,,,,,,,,,,,,,,,,,,
"2016",11,"NOV",10-NOV-16,"Sweden","COUNTRY (FIR)",2223,0,0,0,0,0,0,0,0,0,0,0,0,0,0,0,0,0,0,0
"2016",11,"NOV",10-NOV-16,"Switzerland","COUNTRY (FIR)",2498,0,0,0,0,0,0,0,0,0,0,0,0,0,0,0,0,0,0,0
"2016",11,"NOV",10-NOV-16,"The former Yugoslav Republic of Macedonia","COUNTRY (FIR)",236,,,,,,,,,,,,,,,,,,,
"2016",11,"NOV",10-NOV-16,"Turkey","COUNTRY (FIR)",3249,0,0,0,0,0,0,0,0,0,0,0,0,0,0,0,0,0,0,0
"2016",11,"NOV",10-NOV-16,"UK Continental","COUNTRY (FIR)",6487,,,,,,,,,,,,,,,,,,,
"2016",11,"NOV",10-NOV-16,"UK Oceanic","COUNTRY (FIR)",1158,,,,,,,,,,,,,,,,,,,
"2016",11,"NOV",10-NOV-16,"UK-Ireland FAB","FAB (FIR)",6576,,,,,,,,,,,,,,,,,,,
"2016",11,"NOV",10-NOV-16,"Ukraine","COUNTRY (FIR)",468,,,,,,,,,,,,,,,,,,,
"2016",11,"NOV",10-NOV-16,"United Kingdom","COUNTRY (FIR)",6649,,,,,,,,,,,,,,,,,,,
"2016",11,"NOV",11-NOV-16,"Albania","COUNTRY (FIR)",327,,,,,,,,,,,,,,,,,,,
"2016",11,"NOV",11-NOV-16,"Armenia","COUNTRY (FIR)",117,,,,,,,,,,,,,,,,,,,
"2016",11,"NOV",11-NOV-16,"Austria","COUNTRY (FIR)",2798,0,0,0,0,0,0,0,0,0,0,0,0,0,0,0,0,0,0,0
"2016",11,"NOV",11-NOV-16,"BLUE MED FAB","FAB (FIR)",5282,0,0,0,0,0,0,0,0,0,0,0,0,0,0,0,0,0,0,0
"2016",11,"NOV",11-NOV-16,"Baltic FAB","FAB (FIR)",2131,,,,,,,,,,,,,,,,,,,
"2016",11,"NOV",11-NOV-16,"Belgium","COUNTRY (FIR)",3158,9,0,9,0,0,0,0,0,0,0,0,0,0,0,0,0,0,1,0
"2016",11,"NOV",11-NOV-16,"Bosnia and Herzegovina","COUNTRY (FIR)",613,,,,,,,,,,,,,,,,,,,
"2016",11,"NOV",11-NOV-16,"Bulgaria","COUNTRY (FIR)",1662,,,,,,,,,,,,,,,,,,,
"2016",11,"NOV",11-NOV-16,"Croatia","COUNTRY (FIR)",1032,,,,,,,,,,,,,,,,,,,
"2016",11,"NOV",11-NOV-16,"Cyprus","COUNTRY (FIR)",695,,,,,,,,,,,,,,,,,,,
"2016",11,"NOV",11-NOV-16,"Czech Republic","COUNTRY (FIR)",2080,,,,,,,,,,,,,,,,,,,
"2016",11,"NOV",11-NOV-16,"DANUBE FAB","FAB (FIR)",2119,0,0,0,0,0,0,0,0,0,0,0,0,0,0,0,0,0,0,0
"2016",11,"NOV",11-NOV-16,"DK-SE FAB","FAB (FIR)",2949,0,0,0,0,0,0,0,0,0,0,0,0,0,0,0,0,0,0,0
"2016",11,"NOV",11-NOV-16,"Denmark","COUNTRY (FIR)",1807,,,,,,,,,,,,,,,,,,,
"2016",11,"NOV",11-NOV-16,"Estonia","COUNTRY (FIR)",502,,,,,,,,,,,,,,,,,,,
"2016",11,"NOV",11-NOV-16,"FAB CE","FAB (FIR)",4930,0,0,0,0,0,0,0,0,0,0,0,0,0,0,0,0,0,0,0
"2016",11,"NOV",11-NOV-16,"FAB CE (SES RP1)","FAB (FIR)",4578,0,0,0,0,0,0,0,0,0,0,0,0,0,0,0,0,0,0,0
"2016",11,"NOV",11-NOV-16,"FAB CE (SES RP2)","FAB (FIR)",4919,0,0,0,0,0,0,0,0,0,0,0,0,0,0,0,0,0,0,0
"2016",11,"NOV",11-NOV-16,"FABEC","FAB (FIR)",14878,2276,0,2276,0,0,0,0,0,0,0,0,0,0,0,0,0,0,198,42
"2016",11,"NOV",11-NOV-16,"Finland","COUNTRY (FIR)",733,,,,,,,,,,,,,,,,,,,
"2016",11,"NOV",11-NOV-16,"France","COUNTRY (FIR)",7346,987,0,987,0,0,0,0,0,0,0,0,0,0,0,0,0,0,75,25
"2016",11,"NOV",11-NOV-16,"Georgia","COUNTRY (FIR)",353,,,,,,,,,,,,,,,,,,,
"2016",11,"NOV",11-NOV-16,"Germany","COUNTRY (FIR)",8412,356,0,356,0,0,0,0,0,0,0,0,0,0,0,0,0,0,33,6
"2016",11,"NOV",11-NOV-16,"Greece","COUNTRY (FIR)",1251,0,0,0,0,0,0,0,0,0,0,0,0,0,0,0,0,0,0,0
"2016",11,"NOV",11-NOV-16,"Hungary","COUNTRY (FIR)",1772,,,,,,,,,,,,,,,,,,,
"2016",11,"NOV",11-NOV-16,"Ireland","COUNTRY (FIR)",1452,,,,,,,,,,,,,,,,,,,
"2016",11,"NOV",11-NOV-16,"Italy","COUNTRY (FIR)",4091,,,,,,,,,,,,,,,,,,,
"2016",11,"NOV",11-NOV-16,"Latvia","COUNTRY (FIR)",604,,,,,,,,,,,,,,,,,,,
"2016",11,"NOV",11-NOV-16,"Lithuania","COUNTRY (FIR)",662,,,,,,,,,,,,,,,,,,,
"2016",11,"NOV",11-NOV-16,"Malta","COUNTRY (FIR)",256,,,,,,,,,,,,,,,,,,,
"2016",11,"NOV",11-NOV-16,"Moldova","COUNTRY (FIR)",108,,,,,,,,,,,,,,,,,,,
"2016",11,"NOV",11-NOV-16,"NEFAB","FAB (FIR)",2885,0,0,0,0,0,0,0,0,0,0,0,0,0,0,0,0,0,0,0
"2016",11,"NOV",11-NOV-16,"Netherlands","COUNTRY (FIR)",3403,924,0,924,0,0,0,0,0,0,0,0,0,0,0,0,0,0,89,11
"2016",11,"NOV",11-NOV-16,"Norway","COUNTRY (FIR)",1750,0,0,0,0,0,0,0,0,0,0,0,0,0,0,0,0,0,0,0
"2016",11,"NOV",11-NOV-16,"Poland","COUNTRY (FIR)",1900,,,,,,,,,,,,,,,,,,,
"2016",11,"NOV",11-NOV-16,"Portugal","COUNTRY (FIR)",1708,0,0,0,0,0,0,0,0,0,0,0,0,0,0,0,0,0,0,0
"2016",11,"NOV",11-NOV-16,"Portugal Continental","COUNTRY (FIR)",1509,0,0,0,0,0,0,0,0,0,0,0,0,0,0,0,0,0,0,0
"2016",11,"NOV",11-NOV-16,"Portugal Santa Maria","COUNTRY (FIR)",402,,,,,,,,,,,,,,,,,,,
"2016",11,"NOV",11-NOV-16,"Romania","COUNTRY (FIR)",1495,0,0,0,0,0,0,0,0,0,0,0,0,0,0,0,0,0,0,0
"2016",11,"NOV",11-NOV-16,"SES Area (RP2)","AREA (FIR)",25141,2276,0,2276,0,0,0,0,0,0,0,0,0,0,0,0,0,0,198,42
"2016",11,"NOV",11-NOV-16,"SW FAB","FAB (FIR)",4821,0,0,0,0,0,0,0,0,0,0,0,0,0,0,0,0,0,0,0
"2016",11,"NOV",11-NOV-16,"Serbia and Montenegro","COUNTRY (FIR)",1205,,,,,,,,,,,,,,,,,,,
"2016",11,"NOV",11-NOV-16,"Slovakia","COUNTRY (FIR)",1092,,,,,,,,,,,,,,,,,,,
"2016",11,"NOV",11-NOV-16,"Slovenia","COUNTRY (FIR)",729,,,,,,,,,,,,,,,,,,,
"2016",11,"NOV",11-NOV-16,"Spain","COUNTRY (FIR)",4660,0,0,0,0,0,0,0,0,0,0,0,0,0,0,0,0,0,0,0
"2016",11,"NOV",11-NOV-16,"Spain Canarias","COUNTRY (FIR)",922,,,,,,,,,,,,,,,,,,,
"2016",11,"NOV",11-NOV-16,"Spain Continental","COUNTRY (FIR)",4341,0,0,0,0,0,0,0,0,0,0,0,0,0,0,0,0,0,0,0
"2016",11,"NOV",11-NOV-16,"Sweden","COUNTRY (FIR)",2097,0,0,0,0,0,0,0,0,0,0,0,0,0,0,0,0,0,0,0
"2016",11,"NOV",11-NOV-16,"Switzerland","COUNTRY (FIR)",2698,0,0,0,0,0,0,0,0,0,0,0,0,0,0,0,0,0,0,0
"2016",11,"NOV",11-NOV-16,"The former Yugoslav Republic of Macedonia","COUNTRY (FIR)",219,,,,,,,,,,,,,,,,,,,
"2016",11,"NOV",11-NOV-16,"Turkey","COUNTRY (FIR)",3239,0,0,0,0,0,0,0,0,0,0,0,0,0,0,0,0,0,0,0
"2016",11,"NOV",11-NOV-16,"UK Continental","COUNTRY (FIR)",6718,0,0,0,0,0,0,0,0,0,0,0,0,0,0,0,0,0,0,0
"2016",11,"NOV",11-NOV-16,"UK Oceanic","COUNTRY (FIR)",1244,,,,,,,,,,,,,,,,,,,
"2016",11,"NOV",11-NOV-16,"UK-Ireland FAB","FAB (FIR)",6802,0,0,0,0,0,0,0,0,0,0,0,0,0,0,0,0,0,0,0
"2016",11,"NOV",11-NOV-16,"Ukraine","COUNTRY (FIR)",519,,,,,,,,,,,,,,,,,,,
"2016",11,"NOV",11-NOV-16,"United Kingdom","COUNTRY (FIR)",6889,0,0,0,0,0,0,0,0,0,0,0,0,0,0,0,0,0,0,0
"2016",11,"NOV",12-NOV-16,"Albania","COUNTRY (FIR)",409,,,,,,,,,,,,,,,,,,,
"2016",11,"NOV",12-NOV-16,"Armenia","COUNTRY (FIR)",117,,,,,,,,,,,,,,,,,,,
"2016",11,"NOV",12-NOV-16,"Austria","COUNTRY (FIR)",2320,,,,,,,,,,,,,,,,,,,
"2016",11,"NOV",12-NOV-16,"BLUE MED FAB","FAB (FIR)",4598,0,0,0,0,0,0,0,0,0,0,0,0,0,0,0,0,0,0,0
"2016",11,"NOV",12-NOV-16,"Baltic FAB","FAB (FIR)",1910,0,0,0,0,0,0,0,0,0,0,0,0,0,0,0,0,0,0,0
"2016",11,"NOV",12-NOV-16,"Belgium","COUNTRY (FIR)",2586,117,0,117,0,0,0,0,0,0,0,0,0,0,0,0,0,0,12,3
"2016",11,"NOV",12-NOV-16,"Bosnia and Herzegovina","COUNTRY (FIR)",620,,,,,,,,,,,,,,,,,,,
"2016",11,"NOV",12-NOV-16,"Bulgaria","COUNTRY (FIR)",1646,,,,,,,,,,,,,,,,,,,
"2016",11,"NOV",12-NOV-16,"Croatia","COUNTRY (FIR)",1033,,,,,,,,,,,,,,,,,,,
"2016",11,"NOV",12-NOV-16,"Cyprus","COUNTRY (FIR)",732,,,,,,,,,,,,,,,,,,,
"2016",11,"NOV",12-NOV-16,"Czech Republic","COUNTRY (FIR)",1620,,,,,,,,,,,,,,,,,,,
"2016",11,"NOV",12-NOV-16,"DANUBE FAB","FAB (FIR)",1952,,,,,,,,,,,,,,,,,,,
"2016",11,"NOV",12-NOV-16,"DK-SE FAB","FAB (FIR)",1904,,,,,,,,,,,,,,,,,,,
"2016",11,"NOV",12-NOV-16,"Denmark","COUNTRY (FIR)",1310,,,,,,,,,,,,,,,,,,,
"2016",11,"NOV",12-NOV-16,"Estonia","COUNTRY (FIR)",446,,,,,,,,,,,,,,,,,,,
"2016",11,"NOV",12-NOV-16,"FAB CE","FAB (FIR)",4095,,,,,,,,,,,,,,,,,,,
"2016",11,"NOV",12-NOV-16,"FAB CE (SES RP1)","FAB (FIR)",3735,,,,,,,,,,,,,,,,,,,
"2016",11,"NOV",12-NOV-16,"FAB CE (SES RP2)","FAB (FIR)",4082,,,,,,,,,,,,,,,,,,,
"2016",11,"NOV",12-NOV-16,"FABEC","FAB (FIR)",11630,497,0,376,0,0,0,0,0,0,0,0,0,121,0,0,0,0,52,4
"2016",11,"NOV",12-NOV-16,"Finland","COUNTRY (FIR)",465,,,,,,,,,,,,,,,,,,,
"2016",11,"NOV",12-NOV-16,"France","COUNTRY (FIR)",6332,127,0,127,0,0,0,0,0,0,0,0,0,0,0,0,0,0,14,0
"2016",11,"NOV",12-NOV-16,"Georgia","COUNTRY (FIR)",338,,,,,,,,,,,,,,,,,,,
"2016",11,"NOV",12-NOV-16,"Germany","COUNTRY (FIR)",6467,121,0,0,0,0,0,0,0,0,0,0,0,121,0,0,0,0,14,1
"2016",11,"NOV",12-NOV-16,"Greece","COUNTRY (FIR)",1258,0,0,0,0,0,0,0,0,0,0,0,0,0,0,0,0,0,0,0
"2016",11,"NOV",12-NOV-16,"Hungary","COUNTRY (FIR)",1602,,,,,,,,,,,,,,,,,,,
"2016",11,"NOV",12-NOV-16,"Ireland","COUNTRY (FIR)",1180,,,,,,,,,,,,,,,,,,,
"2016",11,"NOV",12-NOV-16,"Italy","COUNTRY (FIR)",3349,,,,,,,,,,,,,,,,,,,
"2016",11,"NOV",12-NOV-16,"Latvia","COUNTRY (FIR)",550,,,,,,,,,,,,,,,,,,,
"2016",11,"NOV",12-NOV-16,"Lithuania","COUNTRY (FIR)",599,,,,,,,,,,,,,,,,,,,
"2016",11,"NOV",12-NOV-16,"Malta","COUNTRY (FIR)",251,,,,,,,,,,,,,,,,,,,
"2016",11,"NOV",12-NOV-16,"Moldova","COUNTRY (FIR)",93,,,,,,,,,,,,,,,,,,,
"2016",11,"NOV",12-NOV-16,"NEFAB","FAB (FIR)",1771,,,,,,,,,,,,,,,,,,,
"2016",11,"NOV",12-NOV-16,"Netherlands","COUNTRY (FIR)",2721,132,0,132,0,0,0,0,0,0,0,0,0,0,0,0,0,0,12,0
"2016",11,"NOV",12-NOV-16,"Norway","COUNTRY (FIR)",938,,,,,,,,,,,,,,,,,,,
"2016",11,"NOV",12-NOV-16,"Poland","COUNTRY (FIR)",1701,0,0,0,0,0,0,0,0,0,0,0,0,0,0,0,0,0,0,0
"2016",11,"NOV",12-NOV-16,"Portugal","COUNTRY (FIR)",1961,1997,0,1994,0,0,0,0,0,0,0,0,3,0,0,0,0,0,150,46
"2016",11,"NOV",12-NOV-16,"Portugal Continental","COUNTRY (FIR)",1707,1997,0,1994,0,0,0,0,0,0,0,0,3,0,0,0,0,0,150,46
"2016",11,"NOV",12-NOV-16,"Portugal Santa Maria","COUNTRY (FIR)",442,,,,,,,,,,,,,,,,,,,
"2016",11,"NOV",12-NOV-16,"Romania","COUNTRY (FIR)",1345,,,,,,,,,,,,,,,,,,,
"2016",11,"NOV",12-NOV-16,"SES Area (RP2)","AREA (FIR)",18316,5170,0,5046,0,0,0,0,0,0,0,0,3,121,0,0,0,0,335,145
"2016",11,"NOV",12-NOV-16,"SW FAB","FAB (FIR)",4444,4673,0,4670,0,0,0,0,0,0,0,0,3,0,0,0,0,0,283,141
"2016",11,"NOV",12-NOV-16,"Serbia and Montenegro","COUNTRY (FIR)",1225,,,,,,,,,,,,,,,,,,,
"2016",11,"NOV",12-NOV-16,"Slovakia","COUNTRY (FIR)",992,,,,,,,,,,,,,,,,,,,
"2016",11,"NOV",12-NOV-16,"Slovenia","COUNTRY (FIR)",686,,,,,,,,,,,,,,,,,,,
"2016",11,"NOV",12-NOV-16,"Spain","COUNTRY (FIR)",4285,2676,0,2676,0,0,0,0,0,0,0,0,0,0,0,0,0,0,133,95
"2016",11,"NOV",12-NOV-16,"Spain Canarias","COUNTRY (FIR)",1179,2676,0,2676,0,0,0,0,0,0,0,0,0,0,0,0,0,0,133,95
"2016",11,"NOV",12-NOV-16,"Spain Continental","COUNTRY (FIR)",4043,,,,,,,,,,,,,,,,,,,
"2016",11,"NOV",12-NOV-16,"Sweden","COUNTRY (FIR)",1375,,,,,,,,,,,,,,,,,,,
"2016",11,"NOV",12-NOV-16,"Switzerland","COUNTRY (FIR)",2055,0,0,0,0,0,0,0,0,0,0,0,0,0,0,0,0,0,0,0
"2016",11,"NOV",12-NOV-16,"The former Yugoslav Republic of Macedonia","COUNTRY (FIR)",215,,,,,,,,,,,,,,,,,,,
"2016",11,"NOV",12-NOV-16,"Turkey","COUNTRY (FIR)",3163,0,0,0,0,0,0,0,0,0,0,0,0,0,0,0,0,0,0,0
"2016",11,"NOV",12-NOV-16,"UK Continental","COUNTRY (FIR)",4768,0,0,0,0,0,0,0,0,0,0,0,0,0,0,0,0,0,0,0
"2016",11,"NOV",12-NOV-16,"UK Oceanic","COUNTRY (FIR)",1141,,,,,,,,,,,,,,,,,,,
"2016",11,"NOV",12-NOV-16,"UK-Ireland FAB","FAB (FIR)",4857,0,0,0,0,0,0,0,0,0,0,0,0,0,0,0,0,0,0,0
"2016",11,"NOV",12-NOV-16,"Ukraine","COUNTRY (FIR)",447,,,,,,,,,,,,,,,,,,,
"2016",11,"NOV",12-NOV-16,"United Kingdom","COUNTRY (FIR)",5027,0,0,0,0,0,0,0,0,0,0,0,0,0,0,0,0,0,0,0
"2016",11,"NOV",13-NOV-16,"Albania","COUNTRY (FIR)",401,,,,,,,,,,,,,,,,,,,
"2016",11,"NOV",13-NOV-16,"Armenia","COUNTRY (FIR)",146,,,,,,,,,,,,,,,,,,,
"2016",11,"NOV",13-NOV-16,"Austria","COUNTRY (FIR)",2689,,,,,,,,,,,,,,,,,,,
"2016",11,"NOV",13-NOV-16,"BLUE MED FAB","FAB (FIR)",5370,147,0,0,0,0,0,0,147,0,0,0,0,0,0,0,0,0,14,2
"2016",11,"NOV",13-NOV-16,"Baltic FAB","FAB (FIR)",2104,0,0,0,0,0,0,0,0,0,0,0,0,0,0,0,0,0,0,0
"2016",11,"NOV",13-NOV-16,"Belgium","COUNTRY (FIR)",2833,,,,,,,,,,,,,,,,,,,
"2016",11,"NOV",13-NOV-16,"Bosnia and Herzegovina","COUNTRY (FIR)",690,,,,,,,,,,,,,,,,,,,
"2016",11,"NOV",13-NOV-16,"Bulgaria","COUNTRY (FIR)",1764,,,,,,,,,,,,,,,,,,,
"2016",11,"NOV",13-NOV-16,"Croatia","COUNTRY (FIR)",1136,,,,,,,,,,,,,,,,,,,
"2016",11,"NOV",13-NOV-16,"Cyprus","COUNTRY (FIR)",894,147,0,0,0,0,0,0,147,0,0,0,0,0,0,0,0,0,14,2
"2016",11,"NOV",13-NOV-16,"Czech Republic","COUNTRY (FIR)",1989,,,,,,,,,,,,,,,,,,,
"2016",11,"NOV",13-NOV-16,"DANUBE FAB","FAB (FIR)",2157,,,,,,,,,,,,,,,,,,,
"2016",11,"NOV",13-NOV-16,"DK-SE FAB","FAB (FIR)",2459,,,,,,,,,,,,,,,,,,,
"2016",11,"NOV",13-NOV-16,"Denmark","COUNTRY (FIR)",1529,,,,,,,,,,,,,,,,,,,
"2016",11,"NOV",13-NOV-16,"Estonia","COUNTRY (FIR)",462,,,,,,,,,,,,,,,,,,,
"2016",11,"NOV",13-NOV-16,"FAB CE","FAB (FIR)",4846,,,,,,,,,,,,,,,,,,,
"2016",11,"NOV",13-NOV-16,"FAB CE (SES RP1)","FAB (FIR)",4411,,,,,,,,,,,,,,,,,,,
"2016",11,"NOV",13-NOV-16,"FAB CE (SES RP2)","FAB (FIR)",4838,,,,,,,,,,,,,,,,,,,
"2016",11,"NOV",13-NOV-16,"FABEC","FAB (FIR)",13737,1196,0,407,0,0,67,0,0,0,0,0,0,722,0,0,0,0,132,20
"2016",11,"NOV",13-NOV-16,"Finland","COUNTRY (FIR)",600,,,,,,,,,,,,,,,,,,,
"2016",11,"NOV",13-NOV-16,"France","COUNTRY (FIR)",7308,355,0,355,0,0,0,0,0,0,0,0,0,0,0,0,0,0,37,5
"2016",11,"NOV",13-NOV-16,"Georgia","COUNTRY (FIR)",385,,,,,,,,,,,,,,,,,,,
"2016",11,"NOV",13-NOV-16,"Germany","COUNTRY (FIR)",7536,722,0,0,0,0,0,0,0,0,0,0,0,722,0,0,0,0,83,14
"2016",11,"NOV",13-NOV-16,"Greece","COUNTRY (FIR)",1413,0,0,0,0,0,0,0,0,0,0,0,0,0,0,0,0,0,0,0
"2016",11,"NOV",13-NOV-16,"Hungary","COUNTRY (FIR)",1798,,,,,,,,,,,,,,,,,,,
"2016",11,"NOV",13-NOV-16,"Ireland","COUNTRY (FIR)",1274,,,,,,,,,,,,,,,,,,,
"2016",11,"NOV",13-NOV-16,"Italy","COUNTRY (FIR)",4035,,,,,,,,,,,,,,,,,,,
"2016",11,"NOV",13-NOV-16,"Latvia","COUNTRY (FIR)",572,,,,,,,,,,,,,,,,,,,
"2016",11,"NOV",13-NOV-16,"Lithuania","COUNTRY (FIR)",663,,,,,,,,,,,,,,,,,,,
"2016",11,"NOV",13-NOV-16,"Malta","COUNTRY (FIR)",283,,,,,,,,,,,,,,,,,,,
"2016",11,"NOV",13-NOV-16,"Moldova","COUNTRY (FIR)",111,,,,,,,,,,,,,,,,,,,
"2016",11,"NOV",13-NOV-16,"NEFAB","FAB (FIR)",2331,,,,,,,,,,,,,,,,,,,
"2016",11,"NOV",13-NOV-16,"Netherlands","COUNTRY (FIR)",3167,119,0,52,0,0,67,0,0,0,0,0,0,0,0,0,0,0,12,1
"2016",11,"NOV",13-NOV-16,"Norway","COUNTRY (FIR)",1377,,,,,,,,,,,,,,,,,,,
"2016",11,"NOV",13-NOV-16,"Poland","COUNTRY (FIR)",1903,0,0,0,0,0,0,0,0,0,0,0,0,0,0,0,0,0,0,0
"2016",11,"NOV",13-NOV-16,"Portugal","COUNTRY (FIR)",1741,0,0,0,0,0,0,0,0,0,0,0,0,0,0,0,0,0,0,0
"2016",11,"NOV",13-NOV-16,"Portugal Continental","COUNTRY (FIR)",1512,0,0,0,0,0,0,0,0,0,0,0,0,0,0,0,0,0,0,0
"2016",11,"NOV",13-NOV-16,"Portugal Santa Maria","COUNTRY (FIR)",447,,,,,,,,,,,,,,,,,,,
"2016",11,"NOV",13-NOV-16,"Romania","COUNTRY (FIR)",1504,,,,,,,,,,,,,,,,,,,
"2016",11,"NOV",13-NOV-16,"SES Area (RP2)","AREA (FIR)",22132,1730,0,794,0,0,67,0,147,0,0,0,0,722,0,0,0,0,186,28
"2016",11,"NOV",13-NOV-16,"SW FAB","FAB (FIR)",4792,387,0,387,0,0,0,0,0,0,0,0,0,0,0,0,0,0,40,6
"2016",11,"NOV",13-NOV-16,"Serbia and Montenegro","COUNTRY (FIR)",1368,,,,,,,,,,,,,,,,,,,
"2016",11,"NOV",13-NOV-16,"Slovakia","COUNTRY (FIR)",1163,,,,,,,,,,,,,,,,,,,
"2016",11,"NOV",13-NOV-16,"Slovenia","COUNTRY (FIR)",749,,,,,,,,,,,,,,,,,,,
"2016",11,"NOV",13-NOV-16,"Spain","COUNTRY (FIR)",4633,387,0,387,0,0,0,0,0,0,0,0,0,0,0,0,0,0,40,6
"2016",11,"NOV",13-NOV-16,"Spain Canarias","COUNTRY (FIR)",978,,,,,,,,,,,,,,,,,,,
"2016",11,"NOV",13-NOV-16,"Spain Continental","COUNTRY (FIR)",4319,387,0,387,0,0,0,0,0,0,0,0,0,0,0,0,0,0,40,6
"2016",11,"NOV",13-NOV-16,"Sweden","COUNTRY (FIR)",1922,,,,,,,,,,,,,,,,,,,
"2016",11,"NOV",13-NOV-16,"Switzerland","COUNTRY (FIR)",2490,0,0,0,0,0,0,0,0,0,0,0,0,0,0,0,0,0,0,0
"2016",11,"NOV",13-NOV-16,"The former Yugoslav Republic of Macedonia","COUNTRY (FIR)",278,,,,,,,,,,,,,,,,,,,
"2016",11,"NOV",13-NOV-16,"Turkey","COUNTRY (FIR)",3384,0,0,0,0,0,0,0,0,0,0,0,0,0,0,0,0,0,0,0
"2016",11,"NOV",13-NOV-16,"UK Continental","COUNTRY (FIR)",5726,0,0,0,0,0,0,0,0,0,0,0,0,0,0,0,0,0,0,0
"2016",11,"NOV",13-NOV-16,"UK Oceanic","COUNTRY (FIR)",1202,,,,,,,,,,,,,,,,,,,
"2016",11,"NOV",13-NOV-16,"UK-Ireland FAB","FAB (FIR)",5804,0,0,0,0,0,0,0,0,0,0,0,0,0,0,0,0,0,0,0
"2016",11,"NOV",13-NOV-16,"Ukraine","COUNTRY (FIR)",455,,,,,,,,,,,,,,,,,,,
"2016",11,"NOV",13-NOV-16,"United Kingdom","COUNTRY (FIR)",6001,0,0,0,0,0,0,0,0,0,0,0,0,0,0,0,0,0,0,0
"2016",11,"NOV",14-NOV-16,"Albania","COUNTRY (FIR)",318,,,,,,,,,,,,,,,,,,,
"2016",11,"NOV",14-NOV-16,"Armenia","COUNTRY (FIR)",100,,,,,,,,,,,,,,,,,,,
"2016",11,"NOV",14-NOV-16,"Austria","COUNTRY (FIR)",2701,,,,,,,,,,,,,,,,,,,
"2016",11,"NOV",14-NOV-16,"BLUE MED FAB","FAB (FIR)",5196,11,0,0,0,0,0,0,11,0,0,0,0,0,0,0,0,0,3,0
"2016",11,"NOV",14-NOV-16,"Baltic FAB","FAB (FIR)",2136,461,0,373,0,0,0,0,0,0,0,0,0,88,0,0,0,0,36,12
"2016",11,"NOV",14-NOV-16,"Belgium","COUNTRY (FIR)",3092,0,0,0,0,0,0,0,0,0,0,0,0,0,0,0,0,0,0,0
"2016",11,"NOV",14-NOV-16,"Bosnia and Herzegovina","COUNTRY (FIR)",594,,,,,,,,,,,,,,,,,,,
"2016",11,"NOV",14-NOV-16,"Bulgaria","COUNTRY (FIR)",1605,,,,,,,,,,,,,,,,,,,
"2016",11,"NOV",14-NOV-16,"Croatia","COUNTRY (FIR)",1017,,,,,,,,,,,,,,,,,,,
"2016",11,"NOV",14-NOV-16,"Cyprus","COUNTRY (FIR)",762,11,0,0,0,0,0,0,11,0,0,0,0,0,0,0,0,0,3,0
"2016",11,"NOV",14-NOV-16,"Czech Republic","COUNTRY (FIR)",2014,,,,,,,,,,,,,,,,,,,
"2016",11,"NOV",14-NOV-16,"DANUBE FAB","FAB (FIR)",2049,,,,,,,,,,,,,,,,,,,
"2016",11,"NOV",14-NOV-16,"DK-SE FAB","FAB (FIR)",3013,0,0,0,0,0,0,0,0,0,0,0,0,0,0,0,0,0,0,0
"2016",11,"NOV",14-NOV-16,"Denmark","COUNTRY (FIR)",1819,,,,,,,,,,,,,,,,,,,
"2016",11,"NOV",14-NOV-16,"Estonia","COUNTRY (FIR)",517,,,,,,,,,,,,,,,,,,,
"2016",11,"NOV",14-NOV-16,"FAB CE","FAB (FIR)",4803,,,,,,,,,,,,,,,,,,,
"2016",11,"NOV",14-NOV-16,"FAB CE (SES RP1)","FAB (FIR)",4461,,,,,,,,,,,,,,,,,,,
"2016",11,"NOV",14-NOV-16,"FAB CE (SES RP2)","FAB (FIR)",4793,,,,,,,,,,,,,,,,,,,
"2016",11,"NOV",14-NOV-16,"FABEC","FAB (FIR)",15096,3678,0,3322,0,0,0,0,9,0,0,0,0,217,0,0,130,0,301,67
"2016",11,"NOV",14-NOV-16,"Finland","COUNTRY (FIR)",757,,,,,,,,,,,,,,,,,,,
"2016",11,"NOV",14-NOV-16,"France","COUNTRY (FIR)",7681,413,0,274,0,0,0,0,9,0,0,0,0,0,0,0,130,0,25,11
"2016",11,"NOV",14-NOV-16,"Georgia","COUNTRY (FIR)",336,,,,,,,,,,,,,,,,,,,
"2016",11,"NOV",14-NOV-16,"Germany","COUNTRY (FIR)",8338,1222,0,1005,0,0,0,0,0,0,0,0,0,217,0,0,0,0,119,18
"2016",11,"NOV",14-NOV-16,"Greece","COUNTRY (FIR)",1266,0,0,0,0,0,0,0,0,0,0,0,0,0,0,0,0,0,0,0
"2016",11,"NOV",14-NOV-16,"Hungary","COUNTRY (FIR)",1778,,,,,,,,,,,,,,,,,,,
"2016",11,"NOV",14-NOV-16,"Ireland","COUNTRY (FIR)",1330,,,,,,,,,,,,,,,,,,,
"2016",11,"NOV",14-NOV-16,"Italy","COUNTRY (FIR)",3990,,,,,,,,,,,,,,,,,,,
"2016",11,"NOV",14-NOV-16,"Latvia","COUNTRY (FIR)",643,,,,,,,,,,,,,,,,,,,
"2016",11,"NOV",14-NOV-16,"Lithuania","COUNTRY (FIR)",647,,,,,,,,,,,,,,,,,,,
"2016",11,"NOV",14-NOV-16,"Malta","COUNTRY (FIR)",223,,,,,,,,,,,,,,,,,,,
"2016",11,"NOV",14-NOV-16,"Moldova","COUNTRY (FIR)",95,,,,,,,,,,,,,,,,,,,
"2016",11,"NOV",14-NOV-16,"NEFAB","FAB (FIR)",2891,0,0,0,0,0,0,0,0,0,0,0,0,0,0,0,0,0,0,0
"2016",11,"NOV",14-NOV-16,"Netherlands","COUNTRY (FIR)",3344,2043,0,2043,0,0,0,0,0,0,0,0,0,0,0,0,0,0,157,38
"2016",11,"NOV",14-NOV-16,"Norway","COUNTRY (FIR)",1726,0,0,0,0,0,0,0,0,0,0,0,0,0,0,0,0,0,0,0
"2016",11,"NOV",14-NOV-16,"Poland","COUNTRY (FIR)",1905,461,0,373,0,0,0,0,0,0,0,0,0,88,0,0,0,0,36,12
"2016",11,"NOV",14-NOV-16,"Portugal","COUNTRY (FIR)",1716,,,,,,,,,,,,,,,,,,,
"2016",11,"NOV",14-NOV-16,"Portugal Continental","COUNTRY (FIR)",1425,,,,,,,,,,,,,,,,,,,
"2016",11,"NOV",14-NOV-16,"Portugal Santa Maria","COUNTRY (FIR)",499,,,,,,,,,,,,,,,,,,,
"2016",11,"NOV",14-NOV-16,"Romania","COUNTRY (FIR)",1486,,,,,,,,,,,,,,,,,,,
"2016",11,"NOV",14-NOV-16,"SES Area (RP2)","AREA (FIR)",25133,4405,0,3950,0,0,0,0,20,0,0,0,0,305,0,0,130,0,368,84
"2016",11,"NOV",14-NOV-16,"SW FAB","FAB (FIR)",4549,255,0,255,0,0,0,0,0,0,0,0,0,0,0,0,0,0,28,5
"2016",11,"NOV",14-NOV-16,"Serbia and Montenegro","COUNTRY (FIR)",1161,,,,,,,,,,,,,,,,,,,
"2016",11,"NOV",14-NOV-16,"Slovakia","COUNTRY (FIR)",1099,,,,,,,,,,,,,,,,,,,
"2016",11,"NOV",14-NOV-16,"Slovenia","COUNTRY (FIR)",721,,,,,,,,,,,,,,,,,,,
"2016",11,"NOV",14-NOV-16,"Spain","COUNTRY (FIR)",4386,255,0,255,0,0,0,0,0,0,0,0,0,0,0,0,0,0,28,5
"2016",11,"NOV",14-NOV-16,"Spain Canarias","COUNTRY (FIR)",869,0,0,0,0,0,0,0,0,0,0,0,0,0,0,0,0,0,0,0
"2016",11,"NOV",14-NOV-16,"Spain Continental","COUNTRY (FIR)",4070,255,0,255,0,0,0,0,0,0,0,0,0,0,0,0,0,0,28,5
"2016",11,"NOV",14-NOV-16,"Sweden","COUNTRY (FIR)",2359,0,0,0,0,0,0,0,0,0,0,0,0,0,0,0,0,0,0,0
"2016",11,"NOV",14-NOV-16,"Switzerland","COUNTRY (FIR)",2621,0,0,0,0,0,0,0,0,0,0,0,0,0,0,0,0,0,0,0
"2016",11,"NOV",14-NOV-16,"The former Yugoslav Republic of Macedonia","COUNTRY (FIR)",257,,,,,,,,,,,,,,,,,,,
"2016",11,"NOV",14-NOV-16,"Turkey","COUNTRY (FIR)",3119,0,0,0,0,0,0,0,0,0,0,0,0,0,0,0,0,0,0,0
"2016",11,"NOV",14-NOV-16,"UK Continental","COUNTRY (FIR)",6339,0,0,0,0,0,0,0,0,0,0,0,0,0,0,0,0,0,0,0
"2016",11,"NOV",14-NOV-16,"UK Oceanic","COUNTRY (FIR)",1228,,,,,,,,,,,,,,,,,,,
"2016",11,"NOV",14-NOV-16,"UK-Ireland FAB","FAB (FIR)",6412,0,0,0,0,0,0,0,0,0,0,0,0,0,0,0,0,0,0,0
"2016",11,"NOV",14-NOV-16,"Ukraine","COUNTRY (FIR)",499,,,,,,,,,,,,,,,,,,,
"2016",11,"NOV",14-NOV-16,"United Kingdom","COUNTRY (FIR)",6603,0,0,0,0,0,0,0,0,0,0,0,0,0,0,0,0,0,0,0
