"YEAR","MONTH","CODE","ACE_CODE","NAME","ID","TTF_FLT","DURATION","CFMU_DURATION","CFMU_DISTANCE","UNIT_KIND","UNIT_PRU_TYPE","TDM_15_ERT_NA","TDM_15","TDF_15_ERT_NA","TDF_15_ARP","TDF_15"
2015,3,"AENA","AENA","ENAIRE",1,123004,5654498,5654498,35384769,"ANSP","ANSP",2199,4215,99,66,165
2015,1,"AENA","AENA","ENAIRE",1,110644,5167685,5167685,32441692,"ANSP","ANSP",2047,2904,88,28,116
2014,2,"AENA","AENA","ENAIRE",1,100712,4817090,4817090,29923194,"ANSP","ANSP",7054,8993,291,58,349
2014,3,"AENA","AENA","ENAIRE",1,118947,5613386,5613386,35157756,"ANSP","ANSP",12311,12937,516,31,547
2014,1,"AENA","AENA","ENAIRE",1,107316,5184459,5184459,32511152,"ANSP","ANSP",16528,18136,684,59,743
2014,4,"AENA","AENA","ENAIRE",1,141090,6446460,6446460,40314876,"ANSP","ANSP",14149,31058,458,333,791
2014,5,"AENA","AENA","ENAIRE",1,154306,6809761,6809761,42457081,"ANSP","ANSP",16406,21696,664,214,878
2014,6,"AENA","AENA","ENAIRE",1,160472,7028871,7028871,43765323,"ANSP","ANSP",53752,65387,1774,457,2231
2014,7,"AENA","AENA","ENAIRE",1,178069,7769815,7769815,48656734,"ANSP","ANSP",90668,112935,2734,885,3619
2014,8,"AENA","AENA","ENAIRE",1,180994,7899132,7899132,49857335,"ANSP","ANSP",97024,141300,3619,1410,5029
2014,10,"AENA","AENA","ENAIRE",1,151077,6755736,6755736,42441963,"ANSP","ANSP",7649,13893,296,231,527
2014,9,"AENA","AENA","ENAIRE",1,160940,7023506,7023506,44056577,"ANSP","ANSP",26482,61433,1027,1108,2135
2014,11,"AENA","AENA","ENAIRE",1,114661,5426731,5426731,34116259,"ANSP","ANSP",21313,24010,806,78,884
2014,12,"AENA","AENA","ENAIRE",1,112435,5245913,5245913,33104524,"ANSP","ANSP",6546,13282,262,107,369
2015,2,"AENA","AENA","ENAIRE",1,103722,4790838,4790838,29903956,"ANSP","ANSP",2412,5806,114,118,232
2015,4,"AENA","AENA","ENAIRE",1,143556,6460549,6460549,40368571,"ANSP","ANSP",19752,37517,539,591,1130
2014,3,"ANS_CZ","ANS_CZ","ANS CR",2,50299,1022336,1022336,6820173,"ANSP","ANSP",0,0,0,,0
2014,2,"ANS_CZ","ANS_CZ","ANS CR",2,42139,867273,867273,5811244,"ANSP","ANSP",0,0,0,,0
2015,2,"ANS_CZ","ANS_CZ","ANS CR",2,43945,877028,877028,5908492,"ANSP","ANSP",0,0,0,,0
2014,1,"ANS_CZ","ANS_CZ","ANS CR",2,45558,951432,951432,6335391,"ANSP","ANSP",0,0,0,,0
2015,1,"ANS_CZ","ANS_CZ","ANS CR",2,47863,968579,968579,6512499,"ANSP","ANSP",0,0,0,,0
2014,4,"ANS_CZ","ANS_CZ","ANS CR",2,54232,1091367,1091367,7328143,"ANSP","ANSP",0,359,0,15,15
2014,6,"ANS_CZ","ANS_CZ","ANS CR",2,66289,1305830,1305830,8774833,"ANSP","ANSP",1980,3729,80,73,153
2014,5,"ANS_CZ","ANS_CZ","ANS CR",2,62112,1240374,1240374,8342991,"ANSP","ANSP",300,1176,13,37,50
2014,7,"ANS_CZ","ANS_CZ","ANS CR",2,71378,1380021,1380021,9369833,"ANSP","ANSP",1862,4795,84,117,201
2014,8,"ANS_CZ","ANS_CZ","ANS CR",2,69383,1350226,1350226,9057419,"ANSP","ANSP",0,882,0,38,38
2014,10,"ANS_CZ","ANS_CZ","ANS CR",2,60927,1203809,1203809,8087841,"ANSP","ANSP",320,582,14,13,27
2014,9,"ANS_CZ","ANS_CZ","ANS CR",2,65977,1283086,1283086,8612937,"ANSP","ANSP",428,2027,20,59,79
2014,11,"ANS_CZ","ANS_CZ","ANS CR",2,48643,982153,982153,6523477,"ANSP","ANSP",0,0,0,,0
2015,3,"ANS_CZ","ANS_CZ","ANS CR",2,52076,1042359,1042359,6991961,"ANSP","ANSP",0,0,0,,0
2014,12,"ANS_CZ","ANS_CZ","ANS CR",2,45626,924955,924955,6172970,"ANSP","ANSP",0,0,0,,0
2015,4,"ANS_CZ","ANS_CZ","ANS CR",2,56852,1121902,1121902,7483732,"ANSP","ANSP",0,0,0,,0
2015,1,"ATSA BULGARIA","ATSA BULGARIA","BULATSA",3,46447,926115,926115,6745025,"ANSP","ANSP",0,0,0,,0
2014,2,"ATSA BULGARIA","ATSA BULGARIA","BULATSA",3,29237,602515,602515,4287450,"ANSP","ANSP",0,0,0,,0
2014,3,"ATSA BULGARIA","ATSA BULGARIA","BULATSA",3,34720,716301,716301,5125664,"ANSP","ANSP",0,0,0,,0
2014,4,"ATSA BULGARIA","ATSA BULGARIA","BULATSA",3,50698,982204,982204,7135572,"ANSP","ANSP",0,0,0,,0
2014,1,"ATSA BULGARIA","ATSA BULGARIA","BULATSA",3,31337,651291,651291,4583801,"ANSP","ANSP",0,0,0,,0
2015,2,"ATSA BULGARIA","ATSA BULGARIA","BULATSA",3,41723,824312,824312,6044340,"ANSP","ANSP",0,0,0,,0
2014,7,"ATSA BULGARIA","ATSA BULGARIA","BULATSA",3,82490,1533917,1533917,11071674,"ANSP","ANSP",0,0,0,,0
2014,5,"ATSA BULGARIA","ATSA BULGARIA","BULATSA",3,64195,1205261,1205261,8756438,"ANSP","ANSP",0,0,0,,0
2014,6,"ATSA BULGARIA","ATSA BULGARIA","BULATSA",3,74280,1387272,1387272,9902733,"ANSP","ANSP",0,0,0,,0
2014,8,"ATSA BULGARIA","ATSA BULGARIA","BULATSA",3,84563,1594486,1594486,11554478,"ANSP","ANSP",0,0,0,,0
2014,9,"ATSA BULGARIA","ATSA BULGARIA","BULATSA",3,73529,1382634,1382634,10061743,"ANSP","ANSP",0,0,0,,0
2014,10,"ATSA BULGARIA","ATSA BULGARIA","BULATSA",3,64239,1241021,1241021,9079826,"ANSP","ANSP",0,0,0,,0
2015,3,"ATSA BULGARIA","ATSA BULGARIA","BULATSA",3,49806,976788,976788,7180739,"ANSP","ANSP",0,0,0,,0
2014,11,"ATSA BULGARIA","ATSA BULGARIA","BULATSA",3,48427,958622,958622,6984622,"ANSP","ANSP",0,0,0,,0
2014,12,"ATSA BULGARIA","ATSA BULGARIA","BULATSA",3,45630,907271,907271,6583671,"ANSP","ANSP",0,0,0,,0
2015,4,"ATSA BULGARIA","ATSA BULGARIA","BULATSA",3,56729,1110033,1110033,8082519,"ANSP","ANSP",0,0,0,,0
2015,1,"AUSTROCONTROL","AUSTROCONTROL","Austro Control",4,59796,1130668,1130668,6903606,"ANSP","ANSP",0,2808,0,101,101
2014,2,"AUSTROCONTROL","AUSTROCONTROL","Austro Control",4,52750,1000448,1000448,6011443,"ANSP","ANSP",0,2738,0,61,61
2014,3,"AUSTROCONTROL","AUSTROCONTROL","Austro Control",4,61631,1137501,1137501,6996285,"ANSP","ANSP",0,5871,0,169,169
2014,1,"AUSTROCONTROL","AUSTROCONTROL","Austro Control",4,57737,1106283,1106283,6647113,"ANSP","ANSP",493,9209,22,300,322
2014,4,"AUSTROCONTROL","AUSTROCONTROL","Austro Control",4,69337,1254990,1254990,7927355,"ANSP","ANSP",0,8722,0,386,386
2015,2,"AUSTROCONTROL","AUSTROCONTROL","Austro Control",4,55051,1029810,1029810,6282472,"ANSP","ANSP",0,4683,0,121,121
2014,5,"AUSTROCONTROL","AUSTROCONTROL","Austro Control",4,81497,1461418,1461418,9358740,"ANSP","ANSP",1388,11166,50,389,439
2014,7,"AUSTROCONTROL","AUSTROCONTROL","Austro Control",4,96096,1738874,1738874,11123964,"ANSP","ANSP",4932,17604,147,466,613
2014,6,"AUSTROCONTROL","AUSTROCONTROL","Austro Control",4,87370,1567127,1567127,10044654,"ANSP","ANSP",220,6243,7,224,231
2014,10,"AUSTROCONTROL","AUSTROCONTROL","Austro Control",4,83644,1544733,1544733,9639795,"ANSP","ANSP",0,8517,0,292,292
2014,9,"AUSTROCONTROL","AUSTROCONTROL","Austro Control",4,91154,1667024,1667024,10595314,"ANSP","ANSP",458,4916,18,185,203
2014,8,"AUSTROCONTROL","AUSTROCONTROL","Austro Control",4,98735,1793218,1793218,11498487,"ANSP","ANSP",8637,15354,314,235,549
2015,3,"AUSTROCONTROL","AUSTROCONTROL","Austro Control",4,65145,1218498,1218498,7438550,"ANSP","ANSP",579,3702,27,118,145
2014,11,"AUSTROCONTROL","AUSTROCONTROL","Austro Control",4,63690,1210622,1210622,7398858,"ANSP","ANSP",0,2355,0,70,70
2014,12,"AUSTROCONTROL","AUSTROCONTROL","Austro Control",4,59908,1127346,1127346,6913992,"ANSP","ANSP",0,6352,0,241,241
2015,4,"AUSTROCONTROL","AUSTROCONTROL","Austro Control",4,71931,1343496,1343496,8267230,"ANSP","ANSP",0,5496,0,240,240
2014,10,"BELGOCONTROL","BELGOCONTROL","Belgocontrol",5,51534,572307,572307,2584152,"ANSP","ANSP",593,2225,28,75,103
2015,1,"BELGOCONTROL","BELGOCONTROL","Belgocontrol",5,40502,469055,469055,2048199,"ANSP","ANSP",0,7085,0,236,236
2014,2,"BELGOCONTROL","BELGOCONTROL","Belgocontrol",5,36742,443006,443006,1910571,"ANSP","ANSP",0,2941,0,113,113
2014,3,"BELGOCONTROL","BELGOCONTROL","Belgocontrol",5,43887,522077,522077,2275289,"ANSP","ANSP",0,8043,0,243,243
2014,4,"BELGOCONTROL","BELGOCONTROL","Belgocontrol",5,47505,541816,541816,2409877,"ANSP","ANSP",0,7630,0,270,270
2015,2,"BELGOCONTROL","BELGOCONTROL","Belgocontrol",5,39179,453687,453687,1987803,"ANSP","ANSP",0,4445,0,170,170
2014,1,"BELGOCONTROL","BELGOCONTROL","Belgocontrol",5,38382,452572,452572,1986749,"ANSP","ANSP",0,2242,0,96,96
2014,5,"BELGOCONTROL","BELGOCONTROL","Belgocontrol",5,51407,595884,595884,2626460,"ANSP","ANSP",0,10497,0,397,397
2014,7,"BELGOCONTROL","BELGOCONTROL","Belgocontrol",5,54209,619087,619087,2797446,"ANSP","ANSP",482,5659,21,204,225
2014,6,"BELGOCONTROL","BELGOCONTROL","Belgocontrol",5,52328,605568,605568,2705360,"ANSP","ANSP",6429,16559,122,369,491
2014,9,"BELGOCONTROL","BELGOCONTROL","Belgocontrol",5,53607,618078,618078,2762216,"ANSP","ANSP",0,16708,0,533,533
2014,8,"BELGOCONTROL","BELGOCONTROL","Belgocontrol",5,51426,566641,566641,2558794,"ANSP","ANSP",0,919,0,42,42
2014,11,"BELGOCONTROL","BELGOCONTROL","Belgocontrol",5,42391,487969,487969,2173214,"ANSP","ANSP",0,11251,0,401,401
2014,12,"BELGOCONTROL","BELGOCONTROL","Belgocontrol",5,39694,453455,453455,2000827,"ANSP","ANSP",853,8211,41,273,314
2015,3,"BELGOCONTROL","BELGOCONTROL","Belgocontrol",5,45932,531815,531815,2339154,"ANSP","ANSP",0,3905,0,162,162
2015,4,"BELGOCONTROL","BELGOCONTROL","Belgocontrol",5,49423,569609,569609,2505995,"ANSP","ANSP",927,13792,42,464,506
2014,10,"CROATIACONTROL","CROATIACONTROL","Croatia Control",6,49138,1152785,1152785,8049576,"ANSP","ANSP",0,0,0,,0
2015,1,"CROATIACONTROL","CROATIACONTROL","Croatia Control",6,29094,669615,669615,4706174,"ANSP","ANSP",0,0,0,,0
2014,2,"CROATIACONTROL","CROATIACONTROL","Croatia Control",6,23845,550645,550645,3836988,"ANSP","ANSP",223,223,10,,10
2014,3,"CROATIACONTROL","CROATIACONTROL","Croatia Control",6,28346,662753,662753,4602488,"ANSP","ANSP",23,23,1,,1
2014,4,"CROATIACONTROL","CROATIACONTROL","Croatia Control",6,37257,877639,877639,6135385,"ANSP","ANSP",124,124,6,,6
2015,2,"CROATIACONTROL","CROATIACONTROL","Croatia Control",6,26695,616523,616523,4368895,"ANSP","ANSP",0,0,0,,0
2014,1,"CROATIACONTROL","CROATIACONTROL","Croatia Control",6,26694,617793,617793,4297112,"ANSP","ANSP",459,625,22,5,27
2014,7,"CROATIACONTROL","CROATIACONTROL","Croatia Control",6,64000,1522359,1522359,10569959,"ANSP","ANSP",27985,27985,932,,932
2014,6,"CROATIACONTROL","CROATIACONTROL","Croatia Control",6,56006,1352311,1352311,9340584,"ANSP","ANSP",5540,5797,244,7,251
2014,5,"CROATIACONTROL","CROATIACONTROL","Croatia Control",6,49803,1191772,1191772,8316419,"ANSP","ANSP",1967,2016,92,2,94
2014,8,"CROATIACONTROL","CROATIACONTROL","Croatia Control",6,67107,1606047,1606047,11165865,"ANSP","ANSP",56342,56652,2304,7,2311
2014,9,"CROATIACONTROL","CROATIACONTROL","Croatia Control",6,56452,1353378,1353378,9454268,"ANSP","ANSP",23760,23760,1024,,1024
2015,3,"CROATIACONTROL","CROATIACONTROL","Croatia Control",6,31934,735319,735319,5191643,"ANSP","ANSP",0,0,0,,0
2014,11,"CROATIACONTROL","CROATIACONTROL","Croatia Control",6,31552,717562,717562,5030909,"ANSP","ANSP",0,0,0,,0
2014,12,"CROATIACONTROL","CROATIACONTROL","Croatia Control",6,30674,700517,700517,4932459,"ANSP","ANSP",0,0,0,,0
2015,4,"CROATIACONTROL","CROATIACONTROL","Croatia Control",6,39661,944754,944754,6602411,"ANSP","ANSP",240,256,11,1,12
2014,8,"DCAC","DCAC","DCAC Cyprus",7,31290,884911,884911,6249261,"ANSP","ANSP",52970,53509,1720,20,1740
2014,7,"DCAC","DCAC","DCAC Cyprus",7,29341,838811,838811,5828902,"ANSP","ANSP",56091,56230,1673,6,1679
2014,10,"DCAC","DCAC","DCAC Cyprus",7,29699,853535,853535,6021525,"ANSP","ANSP",36466,36696,1206,5,1211
2015,3,"DCAC","DCAC","DCAC Cyprus",7,24018,701874,701874,4902914,"ANSP","ANSP",55682,55682,1772,0,1772
2015,1,"DCAC","DCAC","DCAC Cyprus",7,22372,651767,651767,4545940,"ANSP","ANSP",21356,21356,798,0,798
2014,2,"DCAC","DCAC","DCAC Cyprus",7,18282,545568,545568,3708741,"ANSP","ANSP",53077,53077,1743,,1743
2014,3,"DCAC","DCAC","DCAC Cyprus",7,21615,637402,637402,4396340,"ANSP","ANSP",47517,47517,1712,,1712
2014,4,"DCAC","DCAC","DCAC Cyprus",7,24611,712999,712999,5008825,"ANSP","ANSP",109741,110810,3540,41,3581
2014,1,"DCAC","DCAC","DCAC Cyprus",7,20229,598925,598925,4104438,"ANSP","ANSP",44998,44998,1603,,1603
2014,6,"DCAC","DCAC","DCAC Cyprus",7,28019,803184,803184,5615149,"ANSP","ANSP",10443,11080,392,22,414
2014,5,"DCAC","DCAC","DCAC Cyprus",7,26737,773081,773081,5378073,"ANSP","ANSP",18337,18927,702,20,722
2014,9,"DCAC","DCAC","DCAC Cyprus",7,28553,808874,808874,5719742,"ANSP","ANSP",26164,26164,860,,860
2014,12,"DCAC","DCAC","DCAC Cyprus",7,22643,665045,665045,4601883,"ANSP","ANSP",3417,3417,145,,145
2014,11,"DCAC","DCAC","DCAC Cyprus",7,23309,684307,684307,4767489,"ANSP","ANSP",24524,24524,827,,827
2015,2,"DCAC","DCAC","DCAC Cyprus",7,19806,576487,576487,4011750,"ANSP","ANSP",16525,16525,633,0,633
2015,4,"DCAC","DCAC","DCAC Cyprus",7,26686,769634,769634,5397125,"ANSP","ANSP",101109,101109,3259,0,3259
2014,10,"DFS","DFS","DFS",8,254533,7532671,7532671,43857353,"ANSP","ANSP",28244,94758,1210,1715,2925
2015,3,"DFS","DFS","DFS",8,216526,6400283,6400283,36607539,"ANSP","ANSP",11682,28818,407,551,958
2015,1,"DFS","DFS","DFS",8,192988,5643590,5643590,32582010,"ANSP","ANSP",4671,17991,202,391,593
2014,2,"DFS","DFS","DFS",8,183921,5474922,5474922,31039097,"ANSP","ANSP",4566,12482,201,322,523
2014,3,"DFS","DFS","DFS",8,212915,6330505,6330505,35978613,"ANSP","ANSP",5177,13991,240,344,584
2014,1,"DFS","DFS","DFS",8,192070,5629519,5629519,32455480,"ANSP","ANSP",9193,26722,350,673,1023
2014,4,"DFS","DFS","DFS",8,224251,6601742,6601742,38366913,"ANSP","ANSP",24051,45002,943,638,1581
2014,5,"DFS","DFS","DFS",8,254006,7518459,7518459,44074936,"ANSP","ANSP",58603,105284,2271,1726,3997
2014,6,"DFS","DFS","DFS",8,258482,7566814,7566814,44805006,"ANSP","ANSP",93575,124810,3555,1089,4644
2014,7,"DFS","DFS","DFS",8,268494,7893853,7893853,46984611,"ANSP","ANSP",145825,226736,5141,2164,7305
2015,2,"DFS","DFS","DFS",8,185052,5465700,5465700,31287345,"ANSP","ANSP",7617,27895,309,684,993
2014,8,"DFS","DFS","DFS",8,261410,7600768,7600768,45432980,"ANSP","ANSP",65839,114127,2502,1307,3809
2014,9,"DFS","DFS","DFS",8,261781,7729489,7729489,45528107,"ANSP","ANSP",64786,97507,2557,1268,3825
2014,11,"DFS","DFS","DFS",8,208908,6198703,6198703,35490209,"ANSP","ANSP",7273,44134,325,1163,1488
2014,12,"DFS","DFS","DFS",8,191846,5634033,5634033,32657793,"ANSP","ANSP",19015,58124,773,697,1470
2015,4,"DFS","DFS","DFS",8,232478,6826295,6826295,39495583,"ANSP","ANSP",27120,36708,1021,354,1375
2015,3,"DHMI","DHMI","DHMI",9,93583,5560556,5560556,37626329,"ANSP","ANSP",114,44372,6,1608,1614
2015,1,"DHMI","DHMI","DHMI",9,87403,5301103,5301103,35300720,"ANSP","ANSP",200,84489,8,2723,2731
2014,2,"DHMI","DHMI","DHMI",9,73032,4218477,4218477,27526304,"ANSP","ANSP",9194,35789,390,438,828
2014,3,"DHMI","DHMI","DHMI",9,84599,4912233,4912233,32194725,"ANSP","ANSP",7467,7875,318,17,335
2014,4,"DHMI","DHMI","DHMI",9,95827,5582182,5582182,36804219,"ANSP","ANSP",4986,6947,187,81,268
2014,1,"DHMI","DHMI","DHMI",9,78935,4617962,4617962,29849495,"ANSP","ANSP",12175,14631,509,38,547
2014,5,"DHMI","DHMI","DHMI",9,110779,6349679,6349679,41875724,"ANSP","ANSP",736,32108,29,650,679
2014,6,"DHMI","DHMI","DHMI",9,117519,6666761,6666761,44228752,"ANSP","ANSP",6715,64871,265,1872,2137
2014,7,"DHMI","DHMI","DHMI",9,126406,7146099,7146099,48136793,"ANSP","ANSP",15501,44114,541,1095,1636
2014,8,"DHMI","DHMI","DHMI",9,134159,7664940,7664940,51470500,"ANSP","ANSP",7955,173142,283,4063,4346
2014,10,"DHMI","DHMI","DHMI",9,114337,6759746,6759746,44041070,"ANSP","ANSP",1754,38117,72,1375,1447
2014,9,"DHMI","DHMI","DHMI",9,121318,7049552,7049552,46731905,"ANSP","ANSP",5492,75975,208,2427,2635
2014,11,"DHMI","DHMI","DHMI",9,90658,5435555,5435555,36037698,"ANSP","ANSP",636,26748,26,1031,1057
2014,12,"DHMI","DHMI","DHMI",9,87571,5326294,5326294,35214628,"ANSP","ANSP",562,97185,18,3109,3127
2015,2,"DHMI","DHMI","DHMI",9,78106,4685431,4685431,31442759,"ANSP","ANSP",0,105895,0,2262,2262
2015,4,"DHMI","DHMI","DHMI",9,102606,6080062,6080062,40417892,"ANSP","ANSP",207,102658,8,3180,3188
2014,2,"DNA","DNA","DSNA",10,181447,8169039,8169039,51300704,"ANSP","ANSP",37789,46103,1247,232,1479
2014,3,"DNA","DNA","DSNA",10,211514,9463155,9463155,59680811,"ANSP","ANSP",141361,154081,4031,324,4355
2015,1,"DNA","DNA","DSNA",10,192621,8648255,8648255,54625331,"ANSP","ANSP",16260,45555,588,902,1490
2014,4,"DNA","DNA","DSNA",10,240785,10864512,10864512,69739040,"ANSP","ANSP",41541,54275,1775,447,2222
2015,2,"DNA","DNA","DSNA",10,183382,8218226,8218226,52133941,"ANSP","ANSP",20359,48111,712,791,1503
2014,1,"DNA","DNA","DSNA",10,189824,8511399,8511399,53485454,"ANSP","ANSP",67047,89409,1922,643,2565
2014,6,"DNA","DNA","DSNA",10,274991,12343708,12343708,79887193,"ANSP","ANSP",488354,521178,9418,903,10321
2014,5,"DNA","DNA","DSNA",10,264979,11961907,11961907,77265409,"ANSP","ANSP",193562,219635,5109,715,5824
2014,7,"DNA","DNA","DSNA",10,297680,13445411,13445411,88189284,"ANSP","ANSP",186195,210746,7211,815,8026
2014,8,"DNA","DNA","DSNA",10,292499,13180239,13180239,87461616,"ANSP","ANSP",180212,194365,7069,449,7518
2014,10,"DNA","DNA","DSNA",10,255874,11569690,11569690,74479055,"ANSP","ANSP",87969,108971,3577,731,4308
2014,9,"DNA","DNA","DSNA",10,268523,12021841,12021841,78627417,"ANSP","ANSP",57668,82130,2373,850,3223
2014,11,"DNA","DNA","DSNA",10,196763,8840614,8840614,56244498,"ANSP","ANSP",6418,25866,268,551,819
2015,3,"DNA","DNA","DSNA",10,216855,9775169,9775169,61666309,"ANSP","ANSP",35678,43733,1373,189,1562
2014,12,"DNA","DNA","DSNA",10,196015,8879713,8879713,56280459,"ANSP","ANSP",32099,44765,1041,423,1464
2015,4,"DNA","DNA","DSNA",10,238937,10747503,10747503,69113487,"ANSP","ANSP",444212,473808,7838,598,8436
2014,8,"EANS","EANS","EANS",11,18915,377610,377610,2567053,"ANSP","ANSP",1270,1270,51,,51
2015,3,"EANS","EANS","EANS",11,14933,313047,313047,2101529,"ANSP","ANSP",0,0,0,0,0
2015,2,"EANS","EANS","EANS",11,12760,268123,268123,1802346,"ANSP","ANSP",19,19,1,0,1
2015,1,"EANS","EANS","EANS",11,14161,300539,300539,2019712,"ANSP","ANSP",0,0,0,0,0
2014,2,"EANS","EANS","EANS",11,12125,262754,262754,1716017,"ANSP","ANSP",0,0,0,,0
2014,3,"EANS","EANS","EANS",11,14167,303497,303497,1990024,"ANSP","ANSP",184,184,8,,8
2014,1,"EANS","EANS","EANS",11,13612,290840,290840,1950194,"ANSP","ANSP",20,20,1,,1
2014,4,"EANS","EANS","EANS",11,14932,306914,306914,2079865,"ANSP","ANSP",96,96,5,,5
2014,6,"EANS","EANS","EANS",11,17462,350894,350894,2393912,"ANSP","ANSP",385,385,18,,18
2014,5,"EANS","EANS","EANS",11,17020,344241,344241,2330720,"ANSP","ANSP",108,108,6,,6
2014,7,"EANS","EANS","EANS",11,18505,369591,369591,2528438,"ANSP","ANSP",610,610,27,,27
2014,10,"EANS","EANS","EANS",11,17063,352299,352299,2363267,"ANSP","ANSP",0,0,0,,0
2014,9,"EANS","EANS","EANS",11,18061,360548,360548,2470608,"ANSP","ANSP",769,769,35,,35
2014,11,"EANS","EANS","EANS",11,14622,306789,306789,2067397,"ANSP","ANSP",179,179,9,,9
2014,12,"EANS","EANS","EANS",11,14017,299249,299249,2008521,"ANSP","ANSP",97,97,4,,4
2015,4,"EANS","EANS","EANS",11,15525,327704,327704,2190589,"ANSP","ANSP",0,0,0,,0
2014,2,"ENAV","ENAV","ENAV",12,89786,3534535,3534535,21724964,"ANSP","ANSP",0,748,0,29,29
2014,3,"ENAV","ENAV","ENAV",12,106278,4196664,4196664,25964846,"ANSP","ANSP",0,4486,0,131,131
2015,2,"ENAV","ENAV","ENAV",12,91875,3523857,3523857,21699048,"ANSP","ANSP",512,11772,11,294,305
2014,1,"ENAV","ENAV","ENAV",12,97761,3885255,3885255,23901472,"ANSP","ANSP",2607,10761,45,245,290
2014,4,"ENAV","ENAV","ENAV",12,126673,4919105,4919105,30816914,"ANSP","ANSP",0,3669,0,103,103
2015,1,"ENAV","ENAV","ENAV",12,98972,3861320,3861320,23725687,"ANSP","ANSP",414,25255,5,460,465
2014,5,"ENAV","ENAV","ENAV",12,142042,5586431,5586431,35295452,"ANSP","ANSP",29,10328,1,311,312
2014,6,"ENAV","ENAV","ENAV",12,155184,6137045,6137045,38976653,"ANSP","ANSP",0,13581,0,422,422
2014,7,"ENAV","ENAV","ENAV",12,171083,6765773,6765773,43319471,"ANSP","ANSP",0,20386,0,438,438
2014,8,"ENAV","ENAV","ENAV",12,173313,6916029,6916029,44597605,"ANSP","ANSP",0,7085,0,163,163
2014,9,"ENAV","ENAV","ENAV",12,152872,5975483,5975483,38138223,"ANSP","ANSP",7462,14866,95,145,240
2014,10,"ENAV","ENAV","ENAV",12,134048,5225311,5225311,32835669,"ANSP","ANSP",0,11695,0,386,386
2015,3,"ENAV","ENAV","ENAV",12,108664,4203718,4203718,25826937,"ANSP","ANSP",19,7696,1,152,153
2014,12,"ENAV","ENAV","ENAV",12,99338,3864412,3864412,23861986,"ANSP","ANSP",18918,22809,218,96,314
2015,4,"ENAV","ENAV","ENAV",12,128138,4952761,4952761,30798686,"ANSP","ANSP",0,6817,0,179,179
2014,11,"ENAV","ENAV","ENAV",12,102230,3980071,3980071,24497105,"ANSP","ANSP",0,4508,0,155,155
2014,10,"FINLAND CAA","FINLAND CAA","Finavia",13,20794,583988,583988,3187141,"ANSP","ANSP",0,100,0,4,4
2015,3,"FINLAND CAA","FINLAND CAA","Finavia",13,19553,561284,561284,3051048,"ANSP","ANSP",0,0,0,,0
2014,2,"FINLAND CAA","FINLAND CAA","Finavia",13,16889,499195,499195,2687318,"ANSP","ANSP",0,5508,0,205,205
2014,3,"FINLAND CAA","FINLAND CAA","Finavia",13,19560,587887,587887,3159631,"ANSP","ANSP",0,682,0,28,28
2014,1,"FINLAND CAA","FINLAND CAA","Finavia",13,17659,515566,515566,2810554,"ANSP","ANSP",0,125,0,6,6
2015,2,"FINLAND CAA","FINLAND CAA","Finavia",13,16960,481975,481975,2614764,"ANSP","ANSP",0,878,0,30,30
2014,4,"FINLAND CAA","FINLAND CAA","Finavia",13,19216,561891,561891,3024269,"ANSP","ANSP",0,0,0,,0
2015,1,"FINLAND CAA","FINLAND CAA","Finavia",13,17389,484079,484079,2677477,"ANSP","ANSP",0,1276,0,52,52
2014,5,"FINLAND CAA","FINLAND CAA","Finavia",13,20604,579968,579968,3102313,"ANSP","ANSP",0,0,0,,0
2014,6,"FINLAND CAA","FINLAND CAA","Finavia",13,19784,546824,546824,2952425,"ANSP","ANSP",0,460,0,17,17
2014,7,"FINLAND CAA","FINLAND CAA","Finavia",13,17819,464480,464480,2580963,"ANSP","ANSP",0,1408,0,53,53
2014,8,"FINLAND CAA","FINLAND CAA","Finavia",13,19984,545679,545679,2993594,"ANSP","ANSP",0,3884,0,167,167
2014,9,"FINLAND CAA","FINLAND CAA","Finavia",13,20754,581894,581894,3131648,"ANSP","ANSP",0,169,0,7,7
2014,12,"FINLAND CAA","FINLAND CAA","Finavia",13,17782,495321,495321,2739253,"ANSP","ANSP",0,0,0,,0
2014,11,"FINLAND CAA","FINLAND CAA","Finavia",13,18418,522434,522434,2832544,"ANSP","ANSP",16751,17394,709,28,737
2015,4,"FINLAND CAA","FINLAND CAA","Finavia",13,18901,522027,522027,2834800,"ANSP","ANSP",0,1712,0,61,61
2014,8,"FYROM CAA","FYROM CAA","M-NAV",14,20879,207727,207727,1495727,"ANSP","ANSP",0,0,0,,0
2014,7,"FYROM CAA","FYROM CAA","M-NAV",14,20376,201369,201369,1449334,"ANSP","ANSP",0,0,0,,0
2014,10,"FYROM CAA","FYROM CAA","M-NAV",14,15434,157326,157326,1124594,"ANSP","ANSP",0,0,0,,0
2014,2,"FYROM CAA","FYROM CAA","M-NAV",14,4458,43520,43520,288324,"ANSP","ANSP",0,0,0,,0
2014,3,"FYROM CAA","FYROM CAA","M-NAV",14,5346,52346,52346,347423,"ANSP","ANSP",0,0,0,,0
2015,1,"FYROM CAA","FYROM CAA","M-NAV",14,6897,69358,69358,477212,"ANSP","ANSP",0,0,0,,0
2015,2,"FYROM CAA","FYROM CAA","M-NAV",14,5927,60428,60428,415884,"ANSP","ANSP",0,0,0,,0
2014,4,"FYROM CAA","FYROM CAA","M-NAV",14,8900,88284,88284,610264,"ANSP","ANSP",0,0,0,,0
2014,1,"FYROM CAA","FYROM CAA","M-NAV",14,5031,48843,48843,325174,"ANSP","ANSP",0,0,0,,0
2014,5,"FYROM CAA","FYROM CAA","M-NAV",14,14364,142894,142894,1013362,"ANSP","ANSP",0,0,0,,0
2014,6,"FYROM CAA","FYROM CAA","M-NAV",14,17394,173581,173581,1237041,"ANSP","ANSP",0,0,0,,0
2014,9,"FYROM CAA","FYROM CAA","M-NAV",14,18103,180978,180978,1301991,"ANSP","ANSP",456,456,21,,21
2015,3,"FYROM CAA","FYROM CAA","M-NAV",14,7398,74325,74325,518906,"ANSP","ANSP",0,0,0,,0
2014,12,"FYROM CAA","FYROM CAA","M-NAV",14,7750,79263,79263,544067,"ANSP","ANSP",0,0,0,,0
2014,11,"FYROM CAA","FYROM CAA","M-NAV",14,8345,84183,84183,589975,"ANSP","ANSP",0,0,0,,0
2015,4,"FYROM CAA","FYROM CAA","M-NAV",14,9197,92790,92790,650209,"ANSP","ANSP",0,0,0,,0
2014,10,"HCAA","HCAA","HCAA",15,62773,2709580,2709580,18355929,"ANSP","ANSP",7908,14731,320,225,545
2015,3,"HCAA","HCAA","HCAA",15,39644,1796069,1796069,12225491,"ANSP","ANSP",0,284,0,9,9
2015,2,"HCAA","HCAA","HCAA",15,32764,1490431,1490431,10142152,"ANSP","ANSP",106,106,5,0,5
2015,1,"HCAA","HCAA","HCAA",15,36587,1663526,1663526,11245304,"ANSP","ANSP",0,0,0,0,0
2014,2,"HCAA","HCAA","HCAA",15,29028,1332179,1332179,8882228,"ANSP","ANSP",0,0,0,,0
2014,3,"HCAA","HCAA","HCAA",15,34325,1575578,1575578,10568964,"ANSP","ANSP",587,587,23,,23
2014,1,"HCAA","HCAA","HCAA",15,31640,1469622,1469622,9779289,"ANSP","ANSP",0,0,0,,0
2014,4,"HCAA","HCAA","HCAA",15,45738,1988375,1988375,13271095,"ANSP","ANSP",0,447,0,17,17
2014,5,"HCAA","HCAA","HCAA",15,62856,2625691,2625691,17524038,"ANSP","ANSP",11999,22985,453,385,838
2014,6,"HCAA","HCAA","HCAA",15,75467,3065813,3065813,20488976,"ANSP","ANSP",21607,59966,821,1170,1991
2014,7,"HCAA","HCAA","HCAA",15,87696,3504256,3504256,23651814,"ANSP","ANSP",37328,94026,1374,1737,3111
2014,8,"HCAA","HCAA","HCAA",15,94087,3784461,3784461,25733962,"ANSP","ANSP",104292,169807,3927,1950,5877
2014,9,"HCAA","HCAA","HCAA",15,78012,3204535,3204535,21596196,"ANSP","ANSP",36867,62397,1383,790,2173
2014,12,"HCAA","HCAA","HCAA",15,37324,1755163,1755163,11856101,"ANSP","ANSP",0,329,0,12,12
2014,11,"HCAA","HCAA","HCAA",15,38831,1797428,1797428,12264740,"ANSP","ANSP",1005,1028,28,1,29
2015,4,"HCAA","HCAA","HCAA",15,50443,2203755,2203755,14724178,"ANSP","ANSP",0,45,0,2,2
2014,2,"HUNGAROCONTROL","HUNGAROCONTROL","HungaroControl",16,36171,699021,699021,4793516,"ANSP","ANSP",0,0,0,,0
2014,3,"HUNGAROCONTROL","HUNGAROCONTROL","HungaroControl",16,41798,798531,798531,5495285,"ANSP","ANSP",0,0,0,,0
2015,1,"HUNGAROCONTROL","HUNGAROCONTROL","HungaroControl",16,46154,862045,862045,6012404,"ANSP","ANSP",0,0,0,,0
2014,1,"HUNGAROCONTROL","HUNGAROCONTROL","HungaroControl",16,39374,774089,774089,5277872,"ANSP","ANSP",301,342,11,2,13
2014,4,"HUNGAROCONTROL","HUNGAROCONTROL","HungaroControl",16,48332,918672,918672,6372577,"ANSP","ANSP",0,0,0,,0
2015,2,"HUNGAROCONTROL","HUNGAROCONTROL","HungaroControl",16,41456,764990,764990,5347836,"ANSP","ANSP",0,0,0,,0
2014,5,"HUNGAROCONTROL","HUNGAROCONTROL","HungaroControl",16,57030,1061467,1061467,7411189,"ANSP","ANSP",0,0,0,,0
2014,7,"HUNGAROCONTROL","HUNGAROCONTROL","HungaroControl",16,76791,1369661,1369661,9698100,"ANSP","ANSP",652,652,22,,22
2014,6,"HUNGAROCONTROL","HUNGAROCONTROL","HungaroControl",16,64946,1193430,1193430,8343491,"ANSP","ANSP",0,0,0,,0
2014,9,"HUNGAROCONTROL","HUNGAROCONTROL","HungaroControl",16,71059,1287040,1287040,9113180,"ANSP","ANSP",0,0,0,,0
2014,10,"HUNGAROCONTROL","HUNGAROCONTROL","HungaroControl",16,62045,1142855,1142855,8003526,"ANSP","ANSP",0,0,0,,0
2014,8,"HUNGAROCONTROL","HUNGAROCONTROL","HungaroControl",16,79414,1427567,1427567,10106640,"ANSP","ANSP",0,0,0,,0
2014,11,"HUNGAROCONTROL","HUNGAROCONTROL","HungaroControl",16,47689,899412,899412,6253742,"ANSP","ANSP",0,0,0,,0
2014,12,"HUNGAROCONTROL","HUNGAROCONTROL","HungaroControl",16,45014,845399,845399,5867870,"ANSP","ANSP",0,0,0,,0
2015,3,"HUNGAROCONTROL","HUNGAROCONTROL","HungaroControl",16,49139,901585,901585,6308869,"ANSP","ANSP",0,0,0,,0
2015,4,"HUNGAROCONTROL","HUNGAROCONTROL","HungaroControl",16,55444,1025756,1025756,7123609,"ANSP","ANSP",0,0,0,,0
2015,3,"IAA","IAA","IAA",17,41521,1256674,1256674,8696428,"ANSP","ANSP",0,432,0,16,16
2015,2,"IAA","IAA","IAA",17,35606,1063851,1063851,7333924,"ANSP","ANSP",0,2861,0,78,78
2014,2,"IAA","IAA","IAA",17,32751,1000625,1000625,6906149,"ANSP","ANSP",0,254,0,8,8
2014,3,"IAA","IAA","IAA",17,40296,1261346,1261346,8808980,"ANSP","ANSP",0,0,0,,0
2015,1,"IAA","IAA","IAA",17,37380,1122771,1122771,7780237,"ANSP","ANSP",0,219,0,7,7
2014,1,"IAA","IAA","IAA",17,35621,1072465,1072465,7441576,"ANSP","ANSP",0,0,0,,0
2014,4,"IAA","IAA","IAA",17,44651,1389554,1389554,9709988,"ANSP","ANSP",0,204,0,8,8
2014,5,"IAA","IAA","IAA",17,50156,1583143,1583143,11026743,"ANSP","ANSP",0,0,0,,0
2014,6,"IAA","IAA","IAA",17,52752,1687317,1687317,11849169,"ANSP","ANSP",0,0,0,,0
2014,7,"IAA","IAA","IAA",17,53105,1659016,1659016,11701590,"ANSP","ANSP",0,496,0,15,15
2014,9,"IAA","IAA","IAA",17,49927,1563817,1563817,10934616,"ANSP","ANSP",0,698,0,30,30
2014,10,"IAA","IAA","IAA",17,48152,1461831,1461831,10189536,"ANSP","ANSP",0,469,0,19,19
2014,8,"IAA","IAA","IAA",17,51268,1588963,1588963,11233785,"ANSP","ANSP",0,100,0,5,5
2014,11,"IAA","IAA","IAA",17,39412,1168765,1168765,8121721,"ANSP","ANSP",0,1317,0,38,38
2014,12,"IAA","IAA","IAA",17,38857,1158071,1158071,8074255,"ANSP","ANSP",0,0,0,,0
2015,4,"IAA","IAA","IAA",17,47140,1456358,1456358,10071381,"ANSP","ANSP",0,0,0,,0
2014,8,"LGS","LGS","LGS",18,23935,438430,438430,2912546,"ANSP","ANSP",0,0,0,,0
2014,10,"LGS","LGS","LGS",18,20993,395484,395484,2654558,"ANSP","ANSP",0,0,0,,0
2015,3,"LGS","LGS","LGS",18,18292,361970,361970,2410785,"ANSP","ANSP",0,0,0,,0
2015,1,"LGS","LGS","LGS",18,17405,349021,349021,2326225,"ANSP","ANSP",0,0,0,,0
2014,3,"LGS","LGS","LGS",18,17903,345578,345578,2273400,"ANSP","ANSP",0,0,0,,0
2014,2,"LGS","LGS","LGS",18,15493,305657,305657,2016429,"ANSP","ANSP",0,0,0,,0
2014,1,"LGS","LGS","LGS",18,17746,353836,353836,2329731,"ANSP","ANSP",0,0,0,,0
2014,4,"LGS","LGS","LGS",18,19193,357420,357420,2350753,"ANSP","ANSP",0,0,0,,0
2015,2,"LGS","LGS","LGS",18,15682,315357,315357,2100211,"ANSP","ANSP",0,0,0,,0
2014,5,"LGS","LGS","LGS",18,21888,401750,401750,2664313,"ANSP","ANSP",0,0,0,,0
2014,6,"LGS","LGS","LGS",18,22754,415012,415012,2759915,"ANSP","ANSP",0,0,0,,0
2014,7,"LGS","LGS","LGS",18,24007,436396,436396,2894119,"ANSP","ANSP",0,0,0,,0
2014,9,"LGS","LGS","LGS",18,22321,406060,406060,2711496,"ANSP","ANSP",0,0,0,,0
2014,12,"LGS","LGS","LGS",18,16923,334777,334777,2223128,"ANSP","ANSP",0,0,0,,0
2014,11,"LGS","LGS","LGS",18,17415,336087,336087,2243586,"ANSP","ANSP",0,0,0,,0
2015,4,"LGS","LGS","LGS",18,19895,392050,392050,2577530,"ANSP","ANSP",0,0,0,,0
2015,3,"LPS","LPS","LPS",19,31181,390113,390113,2727160,"ANSP","ANSP",0,0,0,,0
2014,2,"LPS","LPS","LPS",19,23806,330282,330282,2310381,"ANSP","ANSP",0,0,0,,0
2014,3,"LPS","LPS","LPS",19,27501,378637,378637,2634744,"ANSP","ANSP",0,0,0,,0
2015,1,"LPS","LPS","LPS",19,29327,373981,373981,2648383,"ANSP","ANSP",0,0,0,,0
2014,4,"LPS","LPS","LPS",19,30967,410977,410977,2886574,"ANSP","ANSP",0,0,0,,0
2014,1,"LPS","LPS","LPS",19,26878,399185,399185,2812505,"ANSP","ANSP",41,41,2,,2
2014,5,"LPS","LPS","LPS",19,37553,484933,484933,3423206,"ANSP","ANSP",277,277,13,,13
2014,6,"LPS","LPS","LPS",19,43499,549369,549369,3899775,"ANSP","ANSP",3897,3897,153,,153
2014,7,"LPS","LPS","LPS",19,51461,618942,618942,4411353,"ANSP","ANSP",8902,8902,370,,370
2014,8,"LPS","LPS","LPS",19,52071,616301,616301,4398102,"ANSP","ANSP",19685,19685,813,,813
2014,10,"LPS","LPS","LPS",19,39055,480853,480853,3387693,"ANSP","ANSP",835,835,31,,31
2014,9,"LPS","LPS","LPS",19,45551,551607,551607,3886295,"ANSP","ANSP",8588,8588,364,,364
2014,11,"LPS","LPS","LPS",19,29413,373344,373344,2614879,"ANSP","ANSP",0,0,0,,0
2014,12,"LPS","LPS","LPS",19,28135,359256,359256,2526269,"ANSP","ANSP",0,0,0,,0
2015,2,"LPS","LPS","LPS",19,26366,334834,334834,2324271,"ANSP","ANSP",0,0,0,,0
2015,4,"LPS","LPS","LPS",19,34057,417034,417034,2913587,"ANSP","ANSP",0,0,0,,0
2014,7,"LVNL","LVNL","LVNL",20,52665,839975,839975,3571260,"ANSP","ANSP",9768,44107,399,807,1206
2015,3,"LVNL","LVNL","LVNL",20,45885,753281,753281,3034058,"ANSP","ANSP",748,136978,35,2763,2798
2014,2,"LVNL","LVNL","LVNL",20,38981,668124,668124,2565360,"ANSP","ANSP",1114,8779,51,361,412
2014,3,"LVNL","LVNL","LVNL",20,45267,729715,729715,2969929,"ANSP","ANSP",2446,15299,91,606,697
2015,1,"LVNL","LVNL","LVNL",20,41111,687938,687938,2738802,"ANSP","ANSP",1810,80329,76,1982,2058
2014,1,"LVNL","LVNL","LVNL",20,40835,680962,680962,2694325,"ANSP","ANSP",1156,5772,53,228,281
2015,2,"LVNL","LVNL","LVNL",20,39842,642939,642939,2633757,"ANSP","ANSP",2263,24812,112,941,1053
2014,4,"LVNL","LVNL","LVNL",20,47195,748963,748963,3118669,"ANSP","ANSP",3807,31861,159,848,1007
2014,6,"LVNL","LVNL","LVNL",20,50780,814950,814950,3418703,"ANSP","ANSP",6499,18046,270,509,779
2014,5,"LVNL","LVNL","LVNL",20,51169,817903,817903,3391565,"ANSP","ANSP",5403,37017,240,979,1219
2014,10,"LVNL","LVNL","LVNL",20,51755,850311,850311,3484548,"ANSP","ANSP",3332,58253,143,1714,1857
2014,8,"LVNL","LVNL","LVNL",20,52024,829528,829528,3497595,"ANSP","ANSP",7227,25064,301,795,1096
2014,9,"LVNL","LVNL","LVNL",20,51624,819679,819679,3519983,"ANSP","ANSP",4612,30207,199,1006,1205
2014,11,"LVNL","LVNL","LVNL",20,43699,718484,718484,2925941,"ANSP","ANSP",1618,37802,79,1246,1325
2014,12,"LVNL","LVNL","LVNL",20,41811,693776,693776,2809641,"ANSP","ANSP",3422,71395,134,1815,1949
2015,4,"LVNL","LVNL","LVNL",20,48920,785377,785377,3290744,"ANSP","ANSP",1310,58246,53,1596,1649
2015,3,"MIA","MIA","MATS",21,7761,374221,374221,2400872,"ANSP","ANSP",0,0,0,,0
2015,1,"MIA","MIA","MATS",21,7026,351248,351248,2186534,"ANSP","ANSP",0,0,0,,0
2014,3,"MIA","MIA","MATS",21,8981,351357,351357,2369083,"ANSP","ANSP",0,0,0,,0
2014,2,"MIA","MIA","MATS",21,7624,291733,291733,2000946,"ANSP","ANSP",0,0,0,,0
2014,4,"MIA","MIA","MATS",21,9304,364715,364715,2339842,"ANSP","ANSP",0,0,0,,0
2014,1,"MIA","MIA","MATS",21,8194,317567,317567,2091597,"ANSP","ANSP",0,0,0,,0
2014,6,"MIA","MIA","MATS",21,10129,382218,382218,2467134,"ANSP","ANSP",0,0,0,,0
2014,7,"MIA","MIA","MATS",21,9435,361845,361845,2304647,"ANSP","ANSP",0,0,0,,0
2014,5,"MIA","MIA","MATS",21,9709,361177,361177,2325787,"ANSP","ANSP",0,0,0,,0
2014,9,"MIA","MIA","MATS",21,8312,342340,342340,2173619,"ANSP","ANSP",0,324,0,9,9
2014,8,"MIA","MIA","MATS",21,9178,354121,354121,2274328,"ANSP","ANSP",0,0,0,,0
2014,10,"MIA","MIA","MATS",21,8320,345242,345242,2220376,"ANSP","ANSP",0,0,0,,0
2014,12,"MIA","MIA","MATS",21,6301,297667,297667,1807522,"ANSP","ANSP",0,0,0,,0
2014,11,"MIA","MIA","MATS",21,6419,289120,289120,1820423,"ANSP","ANSP",0,264,0,2,2
2015,2,"MIA","MIA","MATS",21,6478,311407,311407,1988023,"ANSP","ANSP",0,0,0,,0
2015,4,"MIA","MIA","MATS",21,8803,396889,396889,2505549,"ANSP","ANSP",0,0,0,,0
2015,3,"MOLDATSA","MOLDATSA","MoldATSA",22,2924,41618,41618,244330,"ANSP","ANSP",0,0,0,,0
2014,2,"MOLDATSA","MOLDATSA","MoldATSA",22,4854,70614,70614,487292,"ANSP","ANSP",0,0,0,,0
2014,3,"MOLDATSA","MOLDATSA","MoldATSA",22,4882,74775,74775,513891,"ANSP","ANSP",0,0,0,,0
2015,1,"MOLDATSA","MOLDATSA","MoldATSA",22,2866,40230,40230,220873,"ANSP","ANSP",0,0,0,,0
2015,2,"MOLDATSA","MOLDATSA","MoldATSA",22,2461,34137,34137,194521,"ANSP","ANSP",0,0,0,,0
2014,1,"MOLDATSA","MOLDATSA","MoldATSA",22,5261,77639,77639,536594,"ANSP","ANSP",0,0,0,,0
2014,4,"MOLDATSA","MOLDATSA","MoldATSA",22,3870,54729,54729,341937,"ANSP","ANSP",0,0,0,,0
2014,6,"MOLDATSA","MOLDATSA","MoldATSA",22,6626,86680,86680,575025,"ANSP","ANSP",0,0,0,,0
2014,7,"MOLDATSA","MOLDATSA","MoldATSA",22,6081,79321,79321,515865,"ANSP","ANSP",0,0,0,,0
2014,5,"MOLDATSA","MOLDATSA","MoldATSA",22,5284,71631,71631,463706,"ANSP","ANSP",0,0,0,,0
2014,8,"MOLDATSA","MOLDATSA","MoldATSA",22,5258,69522,69522,436706,"ANSP","ANSP",0,0,0,,0
2014,10,"MOLDATSA","MOLDATSA","MoldATSA",22,3632,52375,52375,313181,"ANSP","ANSP",0,0,0,,0
2014,9,"MOLDATSA","MOLDATSA","MoldATSA",22,4503,61810,61810,380197,"ANSP","ANSP",0,0,0,,0
2014,11,"MOLDATSA","MOLDATSA","MoldATSA",22,3036,44350,44350,251740,"ANSP","ANSP",0,0,0,,0
2014,12,"MOLDATSA","MOLDATSA","MoldATSA",22,3011,43138,43138,242135,"ANSP","ANSP",0,0,0,,0
2015,4,"MOLDATSA","MOLDATSA","MoldATSA",22,3288,46857,46857,271406,"ANSP","ANSP",0,0,0,,0
2015,3,"MUAC","MUAC","MUAC",23,133052,2852361,2852361,20921159,"ANSP","ANSP",8211,8211,311,0,311
2015,1,"MUAC","MUAC","MUAC",23,120925,2604959,2604959,19038688,"ANSP","ANSP",898,898,37,0,37
2014,2,"MUAC","MUAC","MUAC",23,112448,2426553,2426553,17686467,"ANSP","ANSP",3809,3809,174,,174
2014,3,"MUAC","MUAC","MUAC",23,128870,2765475,2765475,20238227,"ANSP","ANSP",1261,1261,61,,61
2014,4,"MUAC","MUAC","MUAC",23,137323,2898214,2898214,21313621,"ANSP","ANSP",18456,18456,854,,854
2014,1,"MUAC","MUAC","MUAC",23,118749,2583513,2583513,18841043,"ANSP","ANSP",50,50,2,,2
2014,5,"MUAC","MUAC","MUAC",23,153312,3208432,3208432,23594945,"ANSP","ANSP",31092,31092,1212,,1212
2014,6,"MUAC","MUAC","MUAC",23,154890,3249489,3249489,24023622,"ANSP","ANSP",75215,75215,2841,,2841
2015,2,"MUAC","MUAC","MUAC",23,115624,2481353,2481353,18173994,"ANSP","ANSP",2248,2248,108,0,108
2014,7,"MUAC","MUAC","MUAC",23,159415,3320588,3320588,24675403,"ANSP","ANSP",38840,38840,1467,,1467
2014,8,"MUAC","MUAC","MUAC",23,155084,3188225,3188225,23635477,"ANSP","ANSP",12881,12881,525,,525
2014,9,"MUAC","MUAC","MUAC",23,152978,3152310,3152310,23388997,"ANSP","ANSP",2929,2929,130,,130
2014,10,"MUAC","MUAC","MUAC",23,151602,3174567,3174567,23320985,"ANSP","ANSP",914,914,39,,39
2014,12,"MUAC","MUAC","MUAC",23,120268,2581753,2581753,18834053,"ANSP","ANSP",1351,1351,60,,60
2014,11,"MUAC","MUAC","MUAC",23,126246,2691405,2691405,19717583,"ANSP","ANSP",225,225,12,,12
2015,4,"MUAC","MUAC","MUAC",23,141972,3011174,3011174,22068276,"ANSP","ANSP",30753,30753,1342,0,1342
2015,3,"NATA ALBANIA","NATA ALBANIA","Albcontrol",24,11984,149371,149371,1073770,"ANSP","ANSP",0,0,0,,0
2015,2,"NATA ALBANIA","NATA ALBANIA","Albcontrol",24,10210,127123,127123,911721,"ANSP","ANSP",0,0,0,,0
2014,2,"NATA ALBANIA","NATA ALBANIA","Albcontrol",24,9788,118814,118814,842267,"ANSP","ANSP",0,0,0,,0
2014,3,"NATA ALBANIA","NATA ALBANIA","Albcontrol",24,11609,143362,143362,1015460,"ANSP","ANSP",0,0,0,,0
2015,1,"NATA ALBANIA","NATA ALBANIA","Albcontrol",24,11342,139874,139874,997485,"ANSP","ANSP",0,0,0,,0
2014,4,"NATA ALBANIA","NATA ALBANIA","Albcontrol",24,14169,176670,176670,1263537,"ANSP","ANSP",0,0,0,,0
2014,1,"NATA ALBANIA","NATA ALBANIA","Albcontrol",24,11229,136478,136478,961426,"ANSP","ANSP",0,0,0,,0
2014,5,"NATA ALBANIA","NATA ALBANIA","Albcontrol",24,18518,234776,234776,1687754,"ANSP","ANSP",0,0,0,,0
2014,6,"NATA ALBANIA","NATA ALBANIA","Albcontrol",24,20615,267192,267192,1918540,"ANSP","ANSP",0,0,0,,0
2014,7,"NATA ALBANIA","NATA ALBANIA","Albcontrol",24,23790,303889,303889,2201756,"ANSP","ANSP",0,0,0,,0
2014,8,"NATA ALBANIA","NATA ALBANIA","Albcontrol",24,25671,329928,329928,2392586,"ANSP","ANSP",0,0,0,,0
2014,9,"NATA ALBANIA","NATA ALBANIA","Albcontrol",24,21351,275090,275090,1978659,"ANSP","ANSP",0,383,0,8,8
2014,10,"NATA ALBANIA","NATA ALBANIA","Albcontrol",24,17554,223592,223592,1603565,"ANSP","ANSP",0,0,0,,0
2014,11,"NATA ALBANIA","NATA ALBANIA","Albcontrol",24,12156,151568,151568,1083242,"ANSP","ANSP",0,0,0,,0
2014,12,"NATA ALBANIA","NATA ALBANIA","Albcontrol",24,11949,147369,147369,1048654,"ANSP","ANSP",0,0,0,,0
2015,4,"NATA ALBANIA","NATA ALBANIA","Albcontrol",24,15384,195413,195413,1392154,"ANSP","ANSP",0,0,0,,0
2014,7,"AVINOR_CONT","NATAM","Avinor (Continental)",25,53785,1899239,1899239,9456758,"ANSP","ANSP",188,3587,10,118,128
2015,3,"AVINOR_CONT","NATAM","Avinor (Continental)",25,49916,1843147,1843147,8796733,"ANSP","ANSP",147,15551,4,284,288
2014,2,"AVINOR_CONT","NATAM","Avinor (Continental)",25,45287,1691433,1691433,7944338,"ANSP","ANSP",0,3809,0,159,159
2014,3,"AVINOR_CONT","NATAM","Avinor (Continental)",25,52464,1963342,1963342,9314455,"ANSP","ANSP",615,2828,29,99,128
2014,1,"AVINOR_CONT","NATAM","Avinor (Continental)",25,48575,1793482,1793482,8466603,"ANSP","ANSP",0,27753,0,842,842
2015,2,"AVINOR_CONT","NATAM","Avinor (Continental)",25,43836,1658433,1658433,7839887,"ANSP","ANSP",0,3509,0,154,154
2015,1,"AVINOR_CONT","NATAM","Avinor (Continental)",25,45852,1726289,1726289,8222701,"ANSP","ANSP",861,8126,36,271,307
2014,4,"AVINOR_CONT","NATAM","Avinor (Continental)",25,50732,1821732,1821732,8779451,"ANSP","ANSP",184,1569,8,61,69
2014,6,"AVINOR_CONT","NATAM","Avinor (Continental)",25,56156,1983293,1983293,9811830,"ANSP","ANSP",998,13413,47,490,537
2014,5,"AVINOR_CONT","NATAM","Avinor (Continental)",25,54839,1958312,1958312,9507623,"ANSP","ANSP",2138,12070,87,308,395
2014,8,"AVINOR_CONT","NATAM","Avinor (Continental)",25,54791,1963385,1963385,9699875,"ANSP","ANSP",5935,13663,147,238,385
2014,9,"AVINOR_CONT","NATAM","Avinor (Continental)",25,56072,2007531,2007531,9731719,"ANSP","ANSP",503,10777,21,382,403
2014,10,"AVINOR_CONT","NATAM","Avinor (Continental)",25,55472,2022816,2022816,9672296,"ANSP","ANSP",1167,6786,53,206,259
2014,12,"AVINOR_CONT","NATAM","Avinor (Continental)",25,44574,1685163,1685163,8060103,"ANSP","ANSP",1374,19924,48,546,594
2014,11,"AVINOR_CONT","NATAM","Avinor (Continental)",25,48366,1781039,1781039,8570633,"ANSP","ANSP",384,16712,16,659,675
2015,4,"AVINOR_CONT","NATAM","Avinor (Continental)",25,49906,1817170,1817170,8777676,"ANSP","ANSP",790,1008,35,11,46
2015,3,"NATS_CONT","NATS","NATS (Continental)",26,174238,6303742,6303742,33900165,"ANSP","ANSP",351,46028,8,1462,1470
2015,2,"NATS_CONT","NATS","NATS (Continental)",26,151707,5454440,5454440,29446856,"ANSP","ANSP",3827,33502,149,892,1041
2015,1,"NATS_CONT","NATS","NATS (Continental)",26,156754,5716009,5716009,30650332,"ANSP","ANSP",311,60717,13,1508,1521
2014,2,"NATS_CONT","NATS","NATS (Continental)",26,146983,5429739,5429739,28894402,"ANSP","ANSP",4068,66499,140,1619,1759
2014,3,"NATS_CONT","NATS","NATS (Continental)",26,167295,5990671,5990671,32663078,"ANSP","ANSP",0,27257,0,664,664
2014,4,"NATS_CONT","NATS","NATS (Continental)",26,181014,6358073,6358073,34726712,"ANSP","ANSP",594,45676,31,1069,1100
2014,1,"NATS_CONT","NATS","NATS (Continental)",26,154071,5657160,5657160,30586336,"ANSP","ANSP",921,26346,40,538,578
2014,6,"NATS_CONT","NATS","NATS (Continental)",26,207586,7197296,7197296,40186040,"ANSP","ANSP",23212,42663,912,702,1614
2014,5,"NATS_CONT","NATS","NATS (Continental)",26,202798,7084013,7084013,39002089,"ANSP","ANSP",6621,43221,237,1049,1286
2014,7,"NATS_CONT","NATS","NATS (Continental)",26,216583,7505545,7505545,42155404,"ANSP","ANSP",27942,96002,988,1886,2874
2014,9,"NATS_CONT","NATS","NATS (Continental)",26,206761,7148430,7148430,39865240,"ANSP","ANSP",8449,54780,358,1355,1713
2014,8,"NATS_CONT","NATS","NATS (Continental)",26,211946,7417735,7417735,41442005,"ANSP","ANSP",11546,65048,449,1586,2035
2014,10,"NATS_CONT","NATS","NATS (Continental)",26,198309,7097259,7097259,38751689,"ANSP","ANSP",3095,88117,121,2483,2604
2014,12,"NATS_CONT","NATS","NATS (Continental)",26,158965,5752113,5752113,30951036,"ANSP","ANSP",15503,60090,307,1342,1649
2014,11,"NATS_CONT","NATS","NATS (Continental)",26,162379,5873409,5873409,31932346,"ANSP","ANSP",748,29964,36,971,1007
2015,4,"NATS_CONT","NATS","NATS (Continental)",26,183599,6515183,6515183,35652372,"ANSP","ANSP",1130,28604,48,944,992
2014,8,"NAVEP_CONT","NAVEP","NAV Portugal (Continental)",27,46800,1846422,1846422,12405862,"ANSP","ANSP",11709,17987,432,156,588
2015,3,"NAVEP_CONT","NAVEP","NAV Portugal (Continental)",27,38969,1578076,1578076,10728798,"ANSP","ANSP",4229,8490,194,129,323
2015,1,"NAVEP_CONT","NAVEP","NAV Portugal (Continental)",27,38226,1565199,1565199,10645734,"ANSP","ANSP",3907,12829,172,249,421
2014,3,"NAVEP_CONT","NAVEP","NAV Portugal (Continental)",27,37953,1573920,1573920,10717864,"ANSP","ANSP",1399,3203,63,60,123
2014,2,"NAVEP_CONT","NAVEP","NAV Portugal (Continental)",27,32354,1354042,1354042,9149129,"ANSP","ANSP",7099,7495,301,18,319
2015,2,"NAVEP_CONT","NAVEP","NAV Portugal (Continental)",27,34424,1411208,1411208,9588410,"ANSP","ANSP",1488,4510,73,116,189
2014,1,"NAVEP_CONT","NAVEP","NAV Portugal (Continental)",27,34739,1452735,1452735,9828259,"ANSP","ANSP",19170,22474,725,105,830
2014,4,"NAVEP_CONT","NAVEP","NAV Portugal (Continental)",27,41352,1705332,1705332,11449623,"ANSP","ANSP",3041,6097,118,103,221
2014,5,"NAVEP_CONT","NAVEP","NAV Portugal (Continental)",27,41208,1665582,1665582,11063485,"ANSP","ANSP",0,4501,0,170,170
2014,7,"NAVEP_CONT","NAVEP","NAV Portugal (Continental)",27,45736,1801566,1801566,12102596,"ANSP","ANSP",9748,22125,371,290,661
2014,6,"NAVEP_CONT","NAVEP","NAV Portugal (Continental)",27,40493,1613013,1613013,10790418,"ANSP","ANSP",968,2033,39,45,84
2014,9,"NAVEP_CONT","NAVEP","NAV Portugal (Continental)",27,41482,1645086,1645086,10943848,"ANSP","ANSP",4807,16264,207,432,639
2014,10,"NAVEP_CONT","NAVEP","NAV Portugal (Continental)",27,42064,1696017,1696017,11334266,"ANSP","ANSP",21430,32255,889,392,1281
2014,12,"NAVEP_CONT","NAVEP","NAV Portugal (Continental)",27,37691,1544268,1544268,10434301,"ANSP","ANSP",19670,28234,805,223,1028
2014,11,"NAVEP_CONT","NAVEP","NAV Portugal (Continental)",27,35423,1424273,1424273,9575141,"ANSP","ANSP",80802,84488,3002,133,3135
2015,4,"NAVEP_CONT","NAVEP","NAV Portugal (Continental)",27,42431,1700096,1700096,11377760,"ANSP","ANSP",3704,6033,152,94,246
2014,10,"NAVIAIR","NAVIAIR","NAVIAIR",28,57197,1144715,1144715,6754865,"ANSP","ANSP",0,429,0,19,19
2015,1,"NAVIAIR","NAVIAIR","NAVIAIR",28,46659,945344,945344,5583547,"ANSP","ANSP",0,775,0,36,36
2014,3,"NAVIAIR","NAVIAIR","NAVIAIR",28,52006,1044991,1044991,6132422,"ANSP","ANSP",0,174,0,8,8
2014,2,"NAVIAIR","NAVIAIR","NAVIAIR",28,45166,918906,918906,5380890,"ANSP","ANSP",0,0,0,,0
2014,1,"NAVIAIR","NAVIAIR","NAVIAIR",28,47535,956202,956202,5658811,"ANSP","ANSP",0,1321,0,53,53
2014,4,"NAVIAIR","NAVIAIR","NAVIAIR",28,52169,1030989,1030989,6143481,"ANSP","ANSP",0,0,0,,0
2015,2,"NAVIAIR","NAVIAIR","NAVIAIR",28,44956,903872,903872,5324030,"ANSP","ANSP",0,0,0,,0
2014,6,"NAVIAIR","NAVIAIR","NAVIAIR",28,57815,1139222,1139222,6792815,"ANSP","ANSP",0,399,0,18,18
2014,5,"NAVIAIR","NAVIAIR","NAVIAIR",28,56106,1103982,1103982,6562092,"ANSP","ANSP",0,1136,0,45,45
2014,7,"NAVIAIR","NAVIAIR","NAVIAIR",28,57990,1132869,1132869,6885128,"ANSP","ANSP",0,0,0,,0
2014,8,"NAVIAIR","NAVIAIR","NAVIAIR",28,56028,1105743,1105743,6652388,"ANSP","ANSP",0,178,0,9,9
2014,9,"NAVIAIR","NAVIAIR","NAVIAIR",28,56652,1122455,1122455,6648822,"ANSP","ANSP",0,0,0,,0
2014,11,"NAVIAIR","NAVIAIR","NAVIAIR",28,48768,969767,969767,5724031,"ANSP","ANSP",0,0,0,,0
2015,3,"NAVIAIR","NAVIAIR","NAVIAIR",28,52408,1053565,1053565,6205217,"ANSP","ANSP",0,0,0,,0
2014,12,"NAVIAIR","NAVIAIR","NAVIAIR",28,44877,908129,908129,5364088,"ANSP","ANSP",0,0,0,,0
2015,4,"NAVIAIR","NAVIAIR","NAVIAIR",28,53445,1061964,1061964,6261354,"ANSP","ANSP",0,831,0,39,39
2014,7,"ORO","ORO","Oro Navigacija",29,22428,322022,322022,2092874,"ANSP","ANSP",0,0,0,,0
2015,3,"ORO","ORO","Oro Navigacija",29,17132,248490,248490,1511627,"ANSP","ANSP",0,0,0,,0
2015,1,"ORO","ORO","Oro Navigacija",29,16286,231314,231314,1417311,"ANSP","ANSP",0,0,0,,0
2014,2,"ORO","ORO","Oro Navigacija",29,14012,194446,194446,1221585,"ANSP","ANSP",0,0,0,,0
2014,3,"ORO","ORO","Oro Navigacija",29,16444,233563,233563,1449797,"ANSP","ANSP",0,0,0,,0
2014,1,"ORO","ORO","Oro Navigacija",29,15582,222573,222573,1395549,"ANSP","ANSP",0,0,0,,0
2014,4,"ORO","ORO","Oro Navigacija",29,17895,259490,259490,1587727,"ANSP","ANSP",0,0,0,,0
2014,6,"ORO","ORO","Oro Navigacija",29,20789,306014,306014,1952241,"ANSP","ANSP",0,0,0,,0
2014,5,"ORO","ORO","Oro Navigacija",29,20080,290812,290812,1827561,"ANSP","ANSP",0,0,0,,0
2015,2,"ORO","ORO","Oro Navigacija",29,14360,205517,205517,1238335,"ANSP","ANSP",0,0,0,,0
2014,10,"ORO","ORO","Oro Navigacija",29,19958,286916,286916,1809990,"ANSP","ANSP",0,0,0,,0
2014,8,"ORO","ORO","Oro Navigacija",29,22605,320610,320610,2083588,"ANSP","ANSP",0,0,0,,0
2014,9,"ORO","ORO","Oro Navigacija",29,21110,301769,301769,1947030,"ANSP","ANSP",0,0,0,,0
2014,11,"ORO","ORO","Oro Navigacija",29,16711,231687,231687,1478446,"ANSP","ANSP",0,0,0,,0
2014,12,"ORO","ORO","Oro Navigacija",29,16425,232663,232663,1441619,"ANSP","ANSP",0,0,0,,0
2015,4,"ORO","ORO","Oro Navigacija",29,18372,270365,270365,1635606,"ANSP","ANSP",0,0,0,,0
2014,8,"ROMATSA","ROMATSA","ROMATSA",30,68373,2177334,2177334,15564410,"ANSP","ANSP",0,0,0,,0
2014,2,"ROMATSA","ROMATSA","ROMATSA",30,31642,1154275,1154275,8058518,"ANSP","ANSP",0,0,0,,0
2014,3,"ROMATSA","ROMATSA","ROMATSA",30,36251,1315019,1315019,9174931,"ANSP","ANSP",0,0,0,,0
2014,1,"ROMATSA","ROMATSA","ROMATSA",30,33563,1226710,1226710,8573898,"ANSP","ANSP",0,0,0,,0
2014,4,"ROMATSA","ROMATSA","ROMATSA",30,44104,1438384,1438384,10086340,"ANSP","ANSP",0,0,0,,0
2015,1,"ROMATSA","ROMATSA","ROMATSA",30,41518,1420819,1420819,10011503,"ANSP","ANSP",0,0,0,,0
2014,5,"ROMATSA","ROMATSA","ROMATSA",30,53591,1670470,1670470,11744292,"ANSP","ANSP",0,0,0,,0
2014,6,"ROMATSA","ROMATSA","ROMATSA",30,62621,1927024,1927024,13582047,"ANSP","ANSP",0,0,0,,0
2014,7,"ROMATSA","ROMATSA","ROMATSA",30,68881,2150741,2150741,15358070,"ANSP","ANSP",0,0,0,,0
2014,10,"ROMATSA","ROMATSA","ROMATSA",30,54236,1792386,1792386,12652043,"ANSP","ANSP",0,0,0,,0
2014,9,"ROMATSA","ROMATSA","ROMATSA",30,60304,1944725,1944725,13857113,"ANSP","ANSP",0,0,0,,0
2015,3,"ROMATSA","ROMATSA","ROMATSA",30,43980,1479536,1479536,10499529,"ANSP","ANSP",0,0,0,,0
2014,11,"ROMATSA","ROMATSA","ROMATSA",30,43824,1480710,1480710,10389266,"ANSP","ANSP",0,0,0,,0
2015,2,"ROMATSA","ROMATSA","ROMATSA",30,37433,1285402,1285402,9018918,"ANSP","ANSP",0,0,0,,0
2014,12,"ROMATSA","ROMATSA","ROMATSA",30,40840,1391995,1391995,9822551,"ANSP","ANSP",0,0,0,,0
2015,4,"ROMATSA","ROMATSA","ROMATSA",30,48370,1604672,1604672,11291120,"ANSP","ANSP",0,0,0,,0
2014,10,"SKYGUIDE","SKYGUIDE","Skyguide",31,105760,1778621,1778621,10373096,"ANSP","ANSP",5545,33359,225,1155,1380
2015,3,"SKYGUIDE","SKYGUIDE","Skyguide",31,89733,1494296,1494296,8387747,"ANSP","ANSP",6206,24239,266,744,1010
2015,1,"SKYGUIDE","SKYGUIDE","Skyguide",31,82288,1364061,1364061,7661551,"ANSP","ANSP",2730,28195,108,913,1021
2014,2,"SKYGUIDE","SKYGUIDE","Skyguide",31,76459,1254392,1254392,7025694,"ANSP","ANSP",2650,15972,89,543,632
2014,3,"SKYGUIDE","SKYGUIDE","Skyguide",31,89563,1481780,1481780,8342009,"ANSP","ANSP",3407,20039,134,772,906
2014,4,"SKYGUIDE","SKYGUIDE","Skyguide",31,95875,1579375,1579375,9206470,"ANSP","ANSP",3160,21937,126,838,964
2014,1,"SKYGUIDE","SKYGUIDE","Skyguide",31,80567,1327013,1327013,7399479,"ANSP","ANSP",1300,17355,49,612,661
2014,7,"SKYGUIDE","SKYGUIDE","Skyguide",31,115025,1928309,1928309,11446834,"ANSP","ANSP",21069,73828,822,2048,2870
2014,5,"SKYGUIDE","SKYGUIDE","Skyguide",31,106380,1765337,1765337,10419939,"ANSP","ANSP",4106,37627,181,1448,1629
2014,6,"SKYGUIDE","SKYGUIDE","Skyguide",31,110164,1837175,1837175,10820476,"ANSP","ANSP",13805,65364,545,2149,2694
2014,8,"SKYGUIDE","SKYGUIDE","Skyguide",31,114242,1915364,1915364,11475191,"ANSP","ANSP",8701,39588,361,1333,1694
2014,9,"SKYGUIDE","SKYGUIDE","Skyguide",31,110283,1839949,1839949,10877460,"ANSP","ANSP",15888,62887,663,1740,2403
2014,12,"SKYGUIDE","SKYGUIDE","Skyguide",31,80559,1330560,1330560,7551736,"ANSP","ANSP",3470,24335,96,651,747
2014,11,"SKYGUIDE","SKYGUIDE","Skyguide",31,80039,1324440,1324440,7602606,"ANSP","ANSP",2105,18609,75,618,693
2015,2,"SKYGUIDE","SKYGUIDE","Skyguide",31,76979,1257442,1257442,7129846,"ANSP","ANSP",2063,40521,88,1133,1221
2015,4,"SKYGUIDE","SKYGUIDE","Skyguide",31,98160,1619468,1619468,9435944,"ANSP","ANSP",4578,29440,153,1023,1176
2014,8,"SLOVENIA CAA","SLOVENIA CAA","Slovenia Control",32,33678,357396,357396,2449004,"ANSP","ANSP",0,0,0,,0
2015,3,"SLOVENIA CAA","SLOVENIA CAA","Slovenia Control",32,17004,191022,191022,1251161,"ANSP","ANSP",0,0,0,,0
2014,2,"SLOVENIA CAA","SLOVENIA CAA","Slovenia Control",32,12639,139821,139821,914027,"ANSP","ANSP",0,0,0,,0
2014,3,"SLOVENIA CAA","SLOVENIA CAA","Slovenia Control",32,15037,170357,170357,1082871,"ANSP","ANSP",0,0,0,,0
2014,1,"SLOVENIA CAA","SLOVENIA CAA","Slovenia Control",32,13978,155168,155168,1016566,"ANSP","ANSP",0,0,0,,0
2014,4,"SLOVENIA CAA","SLOVENIA CAA","Slovenia Control",32,20198,216023,216023,1430970,"ANSP","ANSP",0,0,0,,0
2015,1,"SLOVENIA CAA","SLOVENIA CAA","Slovenia Control",32,14911,170598,170598,1110084,"ANSP","ANSP",0,0,0,,0
2014,6,"SLOVENIA CAA","SLOVENIA CAA","Slovenia Control",32,29031,315046,315046,2107819,"ANSP","ANSP",0,0,0,,0
2014,5,"SLOVENIA CAA","SLOVENIA CAA","Slovenia Control",32,26460,285977,285977,1922702,"ANSP","ANSP",535,535,20,,20
2014,7,"SLOVENIA CAA","SLOVENIA CAA","Slovenia Control",32,32926,352874,352874,2390173,"ANSP","ANSP",0,0,0,,0
2014,9,"SLOVENIA CAA","SLOVENIA CAA","Slovenia Control",32,29666,317105,317105,2159007,"ANSP","ANSP",0,0,0,,0
2014,10,"SLOVENIA CAA","SLOVENIA CAA","Slovenia Control",32,27003,294316,294316,1980407,"ANSP","ANSP",0,0,0,,0
2014,12,"SLOVENIA CAA","SLOVENIA CAA","Slovenia Control",32,16044,176583,176583,1178573,"ANSP","ANSP",0,0,0,,0
2014,11,"SLOVENIA CAA","SLOVENIA CAA","Slovenia Control",32,17088,189359,189359,1262769,"ANSP","ANSP",0,0,0,,0
2015,2,"SLOVENIA CAA","SLOVENIA CAA","Slovenia Control",32,13636,156696,156696,1000465,"ANSP","ANSP",0,0,0,,0
2015,4,"SLOVENIA CAA","SLOVENIA CAA","Slovenia Control",32,20156,225447,225447,1488765,"ANSP","ANSP",0,0,0,,0
2015,3,"ANS_SE","ANS_SE","LFV",33,58410,2144146,2144146,12775964,"ANSP","ANSP",0,494,0,14,14
2014,2,"ANS_SE","ANS_SE","LFV",33,50031,1856041,1856041,10882170,"ANSP","ANSP",0,976,0,34,34
2014,3,"ANS_SE","ANS_SE","LFV",33,58503,2176479,2176479,12752781,"ANSP","ANSP",16,2460,1,94,95
2015,1,"ANS_SE","ANS_SE","LFV",33,50678,1852154,1852154,11145814,"ANSP","ANSP",0,968,0,46,46
2014,1,"ANS_SE","ANS_SE","LFV",33,52436,1920367,1920367,11444020,"ANSP","ANSP",0,2897,0,86,86
2014,4,"ANS_SE","ANS_SE","LFV",33,57695,2084001,2084001,12455183,"ANSP","ANSP",509,694,18,8,26
2015,2,"ANS_SE","ANS_SE","LFV",33,50044,1850408,1850408,10956438,"ANSP","ANSP",16,1992,1,72,73
2014,6,"ANS_SE","ANS_SE","LFV",33,64047,2286909,2286909,13919037,"ANSP","ANSP",4600,15764,169,310,479
2014,7,"ANS_SE","ANS_SE","LFV",33,59750,2094683,2094683,13177792,"ANSP","ANSP",1275,1376,45,3,48
2014,5,"ANS_SE","ANS_SE","LFV",33,62686,2254728,2254728,13619147,"ANSP","ANSP",723,768,29,2,31
2014,8,"ANS_SE","ANS_SE","LFV",33,61312,2188050,2188050,13471625,"ANSP","ANSP",9121,9121,207,,207
2014,10,"ANS_SE","ANS_SE","LFV",33,64269,2336624,2336624,13919635,"ANSP","ANSP",143,1239,8,40,48
2014,9,"ANS_SE","ANS_SE","LFV",33,64749,2327549,2327549,14032644,"ANSP","ANSP",3290,15152,90,284,374
2014,11,"ANS_SE","ANS_SE","LFV",33,55219,2011021,2011021,11974618,"ANSP","ANSP",374,5005,15,90,105
2014,12,"ANS_SE","ANS_SE","LFV",33,50652,1866802,1866802,11228138,"ANSP","ANSP",0,674,0,24,24
2015,4,"ANS_SE","ANS_SE","LFV",33,59357,2147480,2147480,12809000,"ANSP","ANSP",819,952,39,7,46
2014,7,"NAVEP_SM","","NAV Portugal (Santa Maria)",36,12855,1326643,1326643,10499230,"ANSP","ANSP",0,0,0,,0
2015,2,"NAVEP_SM","","NAV Portugal (Santa Maria)",36,9727,1117747,1117747,8850604,"ANSP","ANSP",0,0,0,,0
2015,1,"NAVEP_SM","","NAV Portugal (Santa Maria)",36,10650,1259068,1259068,10034552,"ANSP","ANSP",0,0,0,,0
2014,2,"NAVEP_SM","","NAV Portugal (Santa Maria)",36,8865,985536,985536,7865365,"ANSP","ANSP",0,0,0,,0
2014,3,"NAVEP_SM","","NAV Portugal (Santa Maria)",36,9870,1087794,1087794,8614988,"ANSP","ANSP",0,0,0,,0
2014,1,"NAVEP_SM","","NAV Portugal (Santa Maria)",36,9999,1111674,1111674,8957456,"ANSP","ANSP",0,0,0,,0
2014,4,"NAVEP_SM","","NAV Portugal (Santa Maria)",36,10463,1098201,1098201,8761063,"ANSP","ANSP",0,0,0,,0
2014,6,"NAVEP_SM","","NAV Portugal (Santa Maria)",36,10355,1097669,1097669,8639006,"ANSP","ANSP",0,0,0,,0
2014,5,"NAVEP_SM","","NAV Portugal (Santa Maria)",36,10382,1090616,1090616,8624581,"ANSP","ANSP",0,0,0,,0
2014,9,"NAVEP_SM","","NAV Portugal (Santa Maria)",36,10902,1131705,1131705,8891030,"ANSP","ANSP",0,0,0,,0
2014,10,"NAVEP_SM","","NAV Portugal (Santa Maria)",36,10080,1055590,1055590,8352330,"ANSP","ANSP",0,0,0,,0
2014,8,"NAVEP_SM","","NAV Portugal (Santa Maria)",36,12413,1295787,1295787,10209299,"ANSP","ANSP",0,0,0,,0
2015,3,"NAVEP_SM","","NAV Portugal (Santa Maria)",36,11458,1278281,1278281,10247164,"ANSP","ANSP",0,0,0,,0
2014,11,"NAVEP_SM","","NAV Portugal (Santa Maria)",36,9350,1054689,1054689,8374308,"ANSP","ANSP",0,0,0,,0
2014,12,"NAVEP_SM","","NAV Portugal (Santa Maria)",36,11219,1229337,1229337,9725812,"ANSP","ANSP",0,0,0,,0
2015,4,"NAVEP_SM","","NAV Portugal (Santa Maria)",36,11371,1229151,1229151,9738019,"ANSP","ANSP",0,0,0,,0
2014,7,"UKSATSE","UKSATSE","UkSATSE",37,31020,1442688,1442688,10062065,"ANSP","ANSP",0,661,0,20,20
2015,3,"UKSATSE","UKSATSE","UkSATSE",37,14102,607238,607238,3943199,"ANSP","ANSP",0,0,0,,0
2015,1,"UKSATSE","UKSATSE","UkSATSE",37,13692,620854,620854,3967509,"ANSP","ANSP",0,0,0,,0
2014,2,"UKSATSE","UKSATSE","UkSATSE",37,32328,1581248,1581248,10864608,"ANSP","ANSP",0,0,0,,0
2014,3,"UKSATSE","UKSATSE","UkSATSE",37,32746,1591877,1591877,11039433,"ANSP","ANSP",0,209,0,9,9
2015,2,"UKSATSE","UKSATSE","UkSATSE",37,12148,524531,524531,3316734,"ANSP","ANSP",0,208,0,4,4
2014,1,"UKSATSE","UKSATSE","UkSATSE",37,36999,1802697,1802697,12441813,"ANSP","ANSP",0,319,0,12,12
2014,4,"UKSATSE","UKSATSE","UkSATSE",37,26351,1311693,1311693,9041706,"ANSP","ANSP",0,0,0,,0
2014,6,"UKSATSE","UKSATSE","UkSATSE",37,36331,1777604,1777604,12598454,"ANSP","ANSP",0,0,0,,0
2014,5,"UKSATSE","UKSATSE","UkSATSE",37,31604,1544861,1544861,10783592,"ANSP","ANSP",0,298,0,1,1
2014,9,"UKSATSE","UKSATSE","UkSATSE",37,21551,953538,953538,6346531,"ANSP","ANSP",0,0,0,,0
2014,10,"UKSATSE","UKSATSE","UkSATSE",37,18243,809936,809936,5305112,"ANSP","ANSP",0,0,0,,0
2014,8,"UKSATSE","UKSATSE","UkSATSE",37,24402,1082972,1082972,7274430,"ANSP","ANSP",0,210,0,2,2
2014,11,"UKSATSE","UKSATSE","UkSATSE",37,14810,663672,663672,4302390,"ANSP","ANSP",0,0,0,,0
2014,12,"UKSATSE","UKSATSE","UkSATSE",37,13891,626735,626735,4007836,"ANSP","ANSP",0,0,0,,0
2015,4,"UKSATSE","UKSATSE","UkSATSE",37,16001,695544,695544,4547503,"ANSP","ANSP",0,0,0,,0
2015,3,"PATA","PATA","PANSA",39,51341,1826677,1826677,12148951,"ANSP","ANSP",2923,2987,120,2,122
2014,3,"PATA","PATA","PANSA",39,51850,1869238,1869238,12265609,"ANSP","ANSP",13321,13321,559,,559
2014,2,"PATA","PATA","PANSA",39,44217,1593144,1593144,10410656,"ANSP","ANSP",8185,8185,370,,370
2014,4,"PATA","PATA","PANSA",39,54533,1944649,1944649,12843143,"ANSP","ANSP",22669,22838,967,7,974
2015,2,"PATA","PATA","PANSA",39,43874,1562614,1562614,10289744,"ANSP","ANSP",2865,2865,112,0,112
2014,1,"PATA","PATA","PANSA",39,47735,1706438,1706438,11215744,"ANSP","ANSP",26705,26774,1149,4,1153
2015,1,"PATA","PATA","PANSA",39,48737,1742988,1742988,11514485,"ANSP","ANSP",1331,1331,56,0,56
2014,5,"PATA","PATA","PANSA",39,61457,2176422,2176422,14502458,"ANSP","ANSP",46518,47232,1956,32,1988
2014,6,"PATA","PATA","PANSA",39,66803,2356542,2356542,15655941,"ANSP","ANSP",77599,78604,3161,44,3205
2014,7,"PATA","PATA","PANSA",39,72387,2543292,2543292,17075376,"ANSP","ANSP",107834,110769,4311,120,4431
2014,8,"PATA","PATA","PANSA",39,70785,2480775,2480775,16522423,"ANSP","ANSP",57887,63726,2382,256,2638
2014,10,"PATA","PATA","PANSA",39,59038,2098977,2098977,13747545,"ANSP","ANSP",6457,10071,273,135,408
2014,9,"PATA","PATA","PANSA",39,65697,2296867,2296867,15137892,"ANSP","ANSP",21313,24438,933,139,1072
2014,11,"PATA","PATA","PANSA",39,48860,1753282,1753282,11394714,"ANSP","ANSP",559,559,26,,26
2014,12,"PATA","PATA","PANSA",39,47192,1696218,1696218,11095837,"ANSP","ANSP",589,660,22,3,25
2015,4,"PATA","PATA","PANSA",39,54525,1954658,1954658,12937628,"ANSP","ANSP",3819,4170,155,13,168
2015,3,"SMATSA","SMATSA","SMATSA",42,35593,781522,781522,5464237,"ANSP","ANSP",0,0,0,,0
2014,2,"SMATSA","SMATSA","SMATSA",42,25903,594205,594205,4111899,"ANSP","ANSP",0,0,0,,0
2014,3,"SMATSA","SMATSA","SMATSA",42,30819,708884,708884,4906082,"ANSP","ANSP",0,0,0,,0
2015,1,"SMATSA","SMATSA","SMATSA",42,32748,727289,727289,5031359,"ANSP","ANSP",0,0,0,0,0
2014,4,"SMATSA","SMATSA","SMATSA",42,38372,865002,865002,6046390,"ANSP","ANSP",0,0,0,,0
2015,2,"SMATSA","SMATSA","SMATSA",42,29941,653451,653451,4544473,"ANSP","ANSP",0,0,0,,0
2014,1,"SMATSA","SMATSA","SMATSA",42,28543,656304,656304,4480919,"ANSP","ANSP",0,0,0,,0
2014,5,"SMATSA","SMATSA","SMATSA",42,51288,1149830,1149830,8130057,"ANSP","ANSP",130,187,6,3,9
2014,6,"SMATSA","SMATSA","SMATSA",42,58710,1336990,1336990,9418714,"ANSP","ANSP",243,243,9,,9
2014,7,"SMATSA","SMATSA","SMATSA",42,66505,1505154,1505154,10696715,"ANSP","ANSP",130,130,6,,6
2014,10,"SMATSA","SMATSA","SMATSA",42,52148,1160870,1160870,8237713,"ANSP","ANSP",0,667,0,23,23
2014,8,"SMATSA","SMATSA","SMATSA",42,70444,1574408,1574408,11269935,"ANSP","ANSP",0,0,0,,0
2014,9,"SMATSA","SMATSA","SMATSA",42,60663,1363569,1363569,9740016,"ANSP","ANSP",243,243,9,,9
2014,11,"SMATSA","SMATSA","SMATSA",42,34474,766868,766868,5326916,"ANSP","ANSP",193,193,6,,6
2014,12,"SMATSA","SMATSA","SMATSA",42,33700,744890,744890,5135792,"ANSP","ANSP",573,573,18,,18
2015,4,"SMATSA","SMATSA","SMATSA",42,43183,948228,948228,6665866,"ANSP","ANSP",453,472,14,1,15
2015,3,"ARMATS","ARMATS","ARMATS",44,3546,59470,59470,401052,"ANSP","ANSP",0,0,0,,0
2014,2,"ARMATS","ARMATS","ARMATS",44,4065,63621,63621,437768,"ANSP","ANSP",0,0,0,,0
2014,3,"ARMATS","ARMATS","ARMATS",44,4542,70142,70142,485611,"ANSP","ANSP",0,0,0,,0
2015,1,"ARMATS","ARMATS","ARMATS",44,3539,59508,59508,400293,"ANSP","ANSP",0,0,0,,0
2015,2,"ARMATS","ARMATS","ARMATS",44,3144,52664,52664,354914,"ANSP","ANSP",0,0,0,,0
2014,1,"ARMATS","ARMATS","ARMATS",44,4658,73672,73672,507765,"ANSP","ANSP",0,0,0,,0
2014,4,"ARMATS","ARMATS","ARMATS",44,4130,64250,64250,443273,"ANSP","ANSP",0,0,0,,0
2014,5,"ARMATS","ARMATS","ARMATS",44,4187,66155,66155,431263,"ANSP","ANSP",0,0,0,,0
2014,6,"ARMATS","ARMATS","ARMATS",44,4485,69120,69120,448011,"ANSP","ANSP",0,0,0,,0
2014,7,"ARMATS","ARMATS","ARMATS",44,4666,69889,69889,454722,"ANSP","ANSP",0,0,0,,0
2014,8,"ARMATS","ARMATS","ARMATS",44,4504,68573,68573,445201,"ANSP","ANSP",0,0,0,,0
2014,9,"ARMATS","ARMATS","ARMATS",44,3930,62012,62012,404275,"ANSP","ANSP",0,0,0,,0
2014,10,"ARMATS","ARMATS","ARMATS",44,3911,65345,65345,433631,"ANSP","ANSP",0,0,0,,0
2014,12,"ARMATS","ARMATS","ARMATS",44,3872,65634,65634,437613,"ANSP","ANSP",0,0,0,,0
2014,11,"ARMATS","ARMATS","ARMATS",44,3568,60219,60219,408162,"ANSP","ANSP",0,0,0,,0
2015,4,"ARMATS","ARMATS","ARMATS",44,3333,54629,54629,357671,"ANSP","ANSP",0,0,0,,0
2014,7,"SAKAERONAV","SAKAERONAV","SAKAERONAVIGATSIA",53,10128,248330,248330,1841434,"ANSP","ANSP",0,0,0,,0
2014,2,"SAKAERONAV","SAKAERONAV","SAKAERONAVIGATSIA",53,8180,229808,229808,1658014,"ANSP","ANSP",0,0,0,,0
2014,3,"SAKAERONAV","SAKAERONAV","SAKAERONAVIGATSIA",53,9372,262019,262019,1894658,"ANSP","ANSP",0,0,0,,0
2015,2,"SAKAERONAV","SAKAERONAV","SAKAERONAVIGATSIA",53,8386,226701,226701,1693935,"ANSP","ANSP",0,0,0,,0
2014,1,"SAKAERONAV","SAKAERONAV","SAKAERONAVIGATSIA",53,9334,264245,264245,1897149,"ANSP","ANSP",0,0,0,,0
2014,4,"SAKAERONAV","SAKAERONAV","SAKAERONAVIGATSIA",53,8441,216343,216343,1551404,"ANSP","ANSP",0,0,0,,0
2015,1,"SAKAERONAV","SAKAERONAV","SAKAERONAVIGATSIA",53,9206,247711,247711,1836169,"ANSP","ANSP",0,0,0,,0
2014,6,"SAKAERONAV","SAKAERONAV","SAKAERONAVIGATSIA",53,8841,216451,216451,1543325,"ANSP","ANSP",0,0,0,,0
2014,5,"SAKAERONAV","SAKAERONAV","SAKAERONAVIGATSIA",53,8508,214403,214403,1520046,"ANSP","ANSP",0,0,0,,0
2014,9,"SAKAERONAV","SAKAERONAV","SAKAERONAVIGATSIA",53,10381,269053,269053,2020202,"ANSP","ANSP",0,0,0,,0
2014,8,"SAKAERONAV","SAKAERONAV","SAKAERONAVIGATSIA",53,11230,285659,285659,2138018,"ANSP","ANSP",0,0,0,,0
2014,10,"SAKAERONAV","SAKAERONAV","SAKAERONAVIGATSIA",53,10254,276010,276010,2046897,"ANSP","ANSP",0,0,0,,0
2015,3,"SAKAERONAV","SAKAERONAV","SAKAERONAVIGATSIA",53,9641,259587,259587,1942935,"ANSP","ANSP",0,0,0,,0
2014,12,"SAKAERONAV","SAKAERONAV","SAKAERONAVIGATSIA",53,9611,256583,256583,1888537,"ANSP","ANSP",0,0,0,,0
2014,11,"SAKAERONAV","SAKAERONAV","SAKAERONAVIGATSIA",53,9793,267191,267191,1978988,"ANSP","ANSP",0,0,0,,0
2015,4,"SAKAERONAV","SAKAERONAV","SAKAERONAVIGATSIA",53,9516,255797,255797,1919631,"ANSP","ANSP",0,0,0,,0